andy_zipper|All documents|2000-11-23 20:04:00-0800|<AUN5J3FTPF1BHHWPYAZA1XUVS1V5OG1NB@zlsvr22>|Price Posting Agreement2311.doc
andy_zipper|All documents|2000-11-23 20:04:00-0800|<AUN5J3FTPF1BHHWPYAZA1XUVS1V5OG1NB@zlsvr22>|eMetraletter1A.doc
andy_zipper|All documents|2000-11-28 16:59:00-0800|<OCM3TRIQ4NSFJC2KVLR4JKZL4Z2FBFCNB@zlsvr22>|Nov-28-00.xls
andy_zipper|All documents|2000-11-29 14:27:00-0800|<HR4SACCUOGAACTDZYA3Q3AROZ40KY2NNA@zlsvr22>|Kiodex11-20-00.doc
andy_zipper|All documents|2000-11-29 19:34:00-0800|<LYYRNUWNOTYJGGGCBVJMPB0SZDM3S2ZTA@zlsvr22>|Redline1.rtf
andy_zipper|All documents|2000-11-29 19:34:00-0800|<LYYRNUWNOTYJGGGCBVJMPB0SZDM3S2ZTA@zlsvr22>|mime001.txt
andy_zipper|All documents|2000-11-29 20:08:00-0800|<C41AKOE5XGKZBSRD4HLV3O3V1JQ3FDD1A@zlsvr22>|Price Posting Agreement 29.11.2000.doc
andy_zipper|All documents|2000-11-29 22:04:00-0800|<EAQHV4IRACHUOPLWWAENWB3I33E3YQU2A@zlsvr22>|eSpdConsent.doc
andy_zipper|All documents|2000-11-30 19:37:00-0800|<P1W2WF21D12FIHO4X01TR5MVFULK2OZMB@zlsvr22>|Price Posting Agreement 30.11.2000II.doc
andy_zipper|All documents|2000-12-01 14:09:00-0800|<D04NFVZAWRTBDZ2IG2MNB1A1QDFQZI00A@zlsvr22>|Price Posting Agreement 1.12.00.doc
andy_zipper|All documents|2000-12-01 16:26:00-0800|<GLCCG0MZH5MKY3SIE0KTIB324C4ET5B0B@zlsvr22>|HS.doc
andy_zipper|All documents|2000-12-01 17:17:00-0800|<DZRE3UIZ0FEN02AEFJ0RMFAOBEIEUDYBA@zlsvr22>|amerex loi.doc
andy_zipper|All documents|2000-12-04 17:29:00-0800|<LEEPEQPOAEVQOJFCYNLD0NLTO33211KWA@zlsvr22>|Margin language draft 1.doc
andy_zipper|All documents|2000-12-06 17:26:00-0800|<LWKSMDHDSZTD3KTTJTE3KIAS3BX5TQAAB@zlsvr22>|BROKER ELECTRONIC TRANSACTION AGREEMENT 120500 no red line.doc
andy_zipper|All documents|2000-12-06 17:26:00-0800|<LWKSMDHDSZTD3KTTJTE3KIAS3BX5TQAAB@zlsvr22>|fee agreement bullet points.doc
andy_zipper|All documents|2000-12-08 16:28:00-0800|<MZWAPFR01SBESHWCXPJIE3IXLDRE15YIB@zlsvr22>|Projects - A.Maniar.doc
andy_zipper|All documents|2000-12-08 16:28:00-0800|<MZWAPFR01SBESHWCXPJIE3IXLDRE15YIB@zlsvr22>|Resume - A.Maniar.doc
andy_zipper|All documents|2000-12-08 17:44:00-0800|<IPECCTQ1NZSOOQQRTPGXL1SMILHBQY3SB@zlsvr22>|Price Posting Agreement 081200.doc
andy_zipper|All documents|2000-12-11 14:15:00-0800|<DAUBS5QUEH0ZD0QRBHWOMIEMFARFHTIOB@zlsvr22>|ClarificationsFromEnronAnswers2.doc
andy_zipper|All documents|2000-12-11 14:15:00-0800|<DAUBS5QUEH0ZD0QRBHWOMIEMFARFHTIOB@zlsvr22>|EnronTechnicalQuestions101900.doc
andy_zipper|All documents|2000-12-13 16:37:00-0800|<HNHLKSJZK0RDOX0P1PAZOCT5NX3JBQ3PB@zlsvr22>|BROKER ELECTRONIC TRANSACTION AGREEMENT 3.doc
andy_zipper|All documents|2000-12-13 17:41:00-0800|<AHAWG4E2AZWEKIHNMOZDASZ42HDYMBGRB@zlsvr22>|Broker Fee Agreement.doc
andy_zipper|All documents|2000-12-15 12:09:00-0800|<IGZTXQDN4WUJSYBDBB3J2522XTWEL5WXB@zlsvr22>|pmg loi.doc
andy_zipper|All documents|2000-12-20 17:42:00-0800|<K2SOY0N2VCQJXLIZFSSXMVEMLORPBNYHA@zlsvr22>|BROKER ELECTRONIC TRANSACTION AGREEMENT 3.doc
andy_zipper|All documents|2000-12-28 10:11:00-0800|<PTYY2ACDJ02VZSMWDVPHB2VXDLTJLAXNA@zlsvr22>|TradeSparkENW.DOC
andy_zipper|All documents|2000-12-29 11:48:00-0800|<JINLZW04CPCG0AH42R1RYZYTMCYTSP42A@zlsvr22>|True Quote-CFTC Release.doc
andy_zipper|All documents|2001-01-09 16:59:00-0800|<PENPQEPISLITOEKBTBG2XP3WB3TKGLYOB@zlsvr22>|POSTINGAGREEMENTAMENDMENT010901revised_.doc
andy_zipper|All documents|2001-01-19 09:22:00-0800|<KOOJPTLMI21IGO1AWTG4DBEVQG5SVCB1A@zlsvr22>|temp2.xls
andy_zipper|All documents|2001-01-19 10:05:00-0800|<DIIPPSWKQYEK435WLSOH1FPESTDUOVAYA@zlsvr22>|test1.xls
andy_zipper|All documents|2001-01-24 11:49:00-0800|<GW15NH11XWY54ITGAXRXIWFSBYLBZOJAA@zlsvr22>|charge schedule.doc
andy_zipper|All documents|2001-01-24 14:13:00-0800|<FNOPTFEGXMX3J5HFU40F4IVGUPBN2SH5A@zlsvr22>|charge schedule.doc
andy_zipper|All documents|2001-01-26 12:51:00-0800|<O0EJVXXVSTD5Y5I0U4KORO31OOOJUNOVA@zlsvr22>|charge schedule.doc
andy_zipper|Associate prc|2000-12-08 16:28:00-0800|<MZWAPFR01SBESHWCXPJIE3IXLDRE15YIB@zlsvr22>|Projects - A.Maniar.doc
andy_zipper|Associate prc|2000-12-08 16:28:00-0800|<MZWAPFR01SBESHWCXPJIE3IXLDRE15YIB@zlsvr22>|Resume - A.Maniar.doc
andy_zipper|Broker Client|2001-03-06 14:59:49-0800|<GYU4UXTRF4NGP4FLCS1T2OE3EUDOCUMKB@zlsvr22>|APB Energy.doc
andy_zipper|Broker Client|2001-03-06 14:59:49-0800|<GYU4UXTRF4NGP4FLCS1T2OE3EUDOCUMKB@zlsvr22>|BROKER ELECTRONIC TRANSACTION AGREEMENT .doc
andy_zipper|Broker Client|2001-03-21 19:36:06-0800|<IQFJDPERPLG2LATE2SWZP4MBIJSVZ11OB@zlsvr22>|EOL BrokerAccessAgreement 3202001.doc
andy_zipper|Broker Client|2001-03-21 19:36:06-0800|<IQFJDPERPLG2LATE2SWZP4MBIJSVZ11OB@zlsvr22>|EOL FeeAgreement 3202001.doc
andy_zipper|Broker Client|2001-04-09 14:46:20-0700|<BRFKWQUFGK5XHQC5YXR0JZVPSCS040ZLB@zlsvr22>|#1.dat
andy_zipper|Broker Client|2001-04-09 14:46:20-0700|<H0IZNZ2E5DQPUHV3ZUAI00GKL5BTFKC5A@zlsvr22>|#1.dat
andy_zipper|Broker Client|2001-04-09 14:46:20-0700|<KCE25H40SVW3QORJT0KSGFGNIIY45QOIA@zlsvr22>|#1.dat
andy_zipper|Broker Client|2001-04-10 09:40:18-0700|<P13VWFPDD5KGWRDTAEUY4N1TO0RIY5X1A@zlsvr22>|Amerex Analysis.xls
andy_zipper|Broker Client|2001-04-19 17:02:25-0700|<LVDYV155Q0TIQA3VQIYAXRSAZBGDUBHCB@zlsvr22>|Broker detail 4-19-2001.xls
andy_zipper|Broker Client|2001-04-23 17:42:49-0700|<CMPLFUMW4VVSKZHD2D0G3IPY5BYK1YOMB@zlsvr22>|Broker detail 4-23-01.xls
andy_zipper|Broker Client|2001-04-24 17:46:45-0700|<BH0HE1OUDFMLUVXFE3ZXBCOTPILKKNIWB@zlsvr22>|Broker detail 4-24-01.xls
andy_zipper|Broker Client|2001-04-25 17:20:08-0700|<ITNMRMSZ42HX5NLN22WTDH4DR2LY1BASB@zlsvr22>|Broker detail 4-25-01.xls
andy_zipper|Broker Client|2001-04-26 16:50:07-0700|<BL0VPISPZF2AWHU2FUKD03F5WQRHF3IJA@zlsvr22>|Broker detail 4-26-01.xls
andy_zipper|Broker Client|2001-04-27 17:02:32-0700|<IFBKZ34NCY0YBK0CPA3ACQNWCKIXNQRKB@zlsvr22>|Broker detail 4-27-01 .xls
andy_zipper|Broker Client|2001-05-11 16:08:57-0700|<KEYKHDMOVKJVZJQBRVHOTBBHWHVFJFYUA@zlsvr22>|Broker detail 5-11-01.xls
andy_zipper|Broker Client|2001-05-22 10:30:07-0700|<JL0Y3XY1A2VORDN01JIIXXHU0Q1FNQSMA@zlsvr22>|Broker detail 5-21-01.xls
andy_zipper|Broker Client|2001-05-29 17:06:25-0700|<HISYXGUIP250WEZP2B0PFH2DGHJDR3UJA@zlsvr22>|Broker detail 5-29-01.xls
andy_zipper|Broker Client|2001-05-30 16:44:43-0700|<CJEIKCLX3ASZ1VSAX2ISJ0WAQXZUNPZEB@zlsvr22>|Broker detail 5-30-01.xls
andy_zipper|Broker Client|2001-05-31 16:43:41-0700|<LCK51MNUHYVRKMEYCKUKE0KZZ0QUZUXPA@zlsvr22>|Broker detail 5-31-01.xls
andy_zipper|Broker Client|2001-06-01 16:23:11-0700|<CLEEKFPLUQMZP13U3FYKKBQQPR4KLFXZB@zlsvr22>|Broker detail 6-1-01.xls
andy_zipper|Broker Client|2001-06-06 16:50:50-0700|<HW43TRXZ0WZ34NPK1V3SVCZZ0UGAQJIKB@zlsvr22>|Broker & Exchange Detail 6-6-01.xls
andy_zipper|Discussion threads|2000-11-23 20:04:00-0800|<AUN5J3FTPF1BHHWPYAZA1XUVS1V5OG1NB@zlsvr22>|Price Posting Agreement2311.doc
andy_zipper|Discussion threads|2000-11-23 20:04:00-0800|<AUN5J3FTPF1BHHWPYAZA1XUVS1V5OG1NB@zlsvr22>|eMetraletter1A.doc
andy_zipper|Discussion threads|2000-11-28 16:59:00-0800|<OCM3TRIQ4NSFJC2KVLR4JKZL4Z2FBFCNB@zlsvr22>|Nov-28-00.xls
andy_zipper|Discussion threads|2000-11-29 14:27:00-0800|<HR4SACCUOGAACTDZYA3Q3AROZ40KY2NNA@zlsvr22>|Kiodex11-20-00.doc
andy_zipper|Discussion threads|2000-11-29 19:34:00-0800|<LYYRNUWNOTYJGGGCBVJMPB0SZDM3S2ZTA@zlsvr22>|Redline1.rtf
andy_zipper|Discussion threads|2000-11-29 19:34:00-0800|<LYYRNUWNOTYJGGGCBVJMPB0SZDM3S2ZTA@zlsvr22>|mime001.txt
andy_zipper|Discussion threads|2000-11-30 19:37:00-0800|<P1W2WF21D12FIHO4X01TR5MVFULK2OZMB@zlsvr22>|Price Posting Agreement 30.11.2000II.doc
andy_zipper|Discussion threads|2000-12-01 14:09:00-0800|<D04NFVZAWRTBDZ2IG2MNB1A1QDFQZI00A@zlsvr22>|Price Posting Agreement 1.12.00.doc
andy_zipper|Discussion threads|2000-12-01 16:26:00-0800|<GLCCG0MZH5MKY3SIE0KTIB324C4ET5B0B@zlsvr22>|HS.doc
andy_zipper|Discussion threads|2000-12-01 17:17:00-0800|<DZRE3UIZ0FEN02AEFJ0RMFAOBEIEUDYBA@zlsvr22>|amerex loi.doc
andy_zipper|Discussion threads|2000-12-04 17:29:00-0800|<LEEPEQPOAEVQOJFCYNLD0NLTO33211KWA@zlsvr22>|Margin language draft 1.doc
andy_zipper|Discussion threads|2000-12-06 17:26:00-0800|<LWKSMDHDSZTD3KTTJTE3KIAS3BX5TQAAB@zlsvr22>|BROKER ELECTRONIC TRANSACTION AGREEMENT 120500 no red line.doc
andy_zipper|Discussion threads|2000-12-06 17:26:00-0800|<LWKSMDHDSZTD3KTTJTE3KIAS3BX5TQAAB@zlsvr22>|fee agreement bullet points.doc
andy_zipper|Discussion threads|2000-12-08 16:28:00-0800|<MZWAPFR01SBESHWCXPJIE3IXLDRE15YIB@zlsvr22>|Projects - A.Maniar.doc
andy_zipper|Discussion threads|2000-12-08 16:28:00-0800|<MZWAPFR01SBESHWCXPJIE3IXLDRE15YIB@zlsvr22>|Resume - A.Maniar.doc
andy_zipper|Discussion threads|2000-12-08 17:44:00-0800|<IPECCTQ1NZSOOQQRTPGXL1SMILHBQY3SB@zlsvr22>|Price Posting Agreement 081200.doc
andy_zipper|Discussion threads|2000-12-11 14:15:00-0800|<DAUBS5QUEH0ZD0QRBHWOMIEMFARFHTIOB@zlsvr22>|ClarificationsFromEnronAnswers2.doc
andy_zipper|Discussion threads|2000-12-11 14:15:00-0800|<DAUBS5QUEH0ZD0QRBHWOMIEMFARFHTIOB@zlsvr22>|EnronTechnicalQuestions101900.doc
andy_zipper|Discussion threads|2000-12-13 16:37:00-0800|<HNHLKSJZK0RDOX0P1PAZOCT5NX3JBQ3PB@zlsvr22>|BROKER ELECTRONIC TRANSACTION AGREEMENT 3.doc
andy_zipper|Discussion threads|2000-12-13 17:41:00-0800|<AHAWG4E2AZWEKIHNMOZDASZ42HDYMBGRB@zlsvr22>|Broker Fee Agreement.doc
andy_zipper|Discussion threads|2000-12-15 12:09:00-0800|<IGZTXQDN4WUJSYBDBB3J2522XTWEL5WXB@zlsvr22>|pmg loi.doc
andy_zipper|Discussion threads|2000-12-20 17:42:00-0800|<K2SOY0N2VCQJXLIZFSSXMVEMLORPBNYHA@zlsvr22>|BROKER ELECTRONIC TRANSACTION AGREEMENT 3.doc
andy_zipper|Discussion threads|2000-12-28 10:11:00-0800|<PTYY2ACDJ02VZSMWDVPHB2VXDLTJLAXNA@zlsvr22>|TradeSparkENW.DOC
andy_zipper|Discussion threads|2000-12-29 11:48:00-0800|<JINLZW04CPCG0AH42R1RYZYTMCYTSP42A@zlsvr22>|True Quote-CFTC Release.doc
andy_zipper|Discussion threads|2001-01-09 16:59:00-0800|<PENPQEPISLITOEKBTBG2XP3WB3TKGLYOB@zlsvr22>|POSTINGAGREEMENTAMENDMENT010901revised_.doc
andy_zipper|Discussion threads|2001-01-19 09:22:00-0800|<KOOJPTLMI21IGO1AWTG4DBEVQG5SVCB1A@zlsvr22>|temp2.xls
andy_zipper|Discussion threads|2001-01-19 10:05:00-0800|<DIIPPSWKQYEK435WLSOH1FPESTDUOVAYA@zlsvr22>|test1.xls
andy_zipper|Discussion threads|2001-01-24 11:49:00-0800|<GW15NH11XWY54ITGAXRXIWFSBYLBZOJAA@zlsvr22>|charge schedule.doc
andy_zipper|Discussion threads|2001-01-24 14:13:00-0800|<FNOPTFEGXMX3J5HFU40F4IVGUPBN2SH5A@zlsvr22>|charge schedule.doc
andy_zipper|Discussion threads|2001-01-26 12:51:00-0800|<O0EJVXXVSTD5Y5I0U4KORO31OOOJUNOVA@zlsvr22>|charge schedule.doc
andy_zipper|Emetra|2000-11-23 20:04:00-0800|<AUN5J3FTPF1BHHWPYAZA1XUVS1V5OG1NB@zlsvr22>|Price Posting Agreement2311.doc
andy_zipper|Emetra|2000-11-23 20:04:00-0800|<AUN5J3FTPF1BHHWPYAZA1XUVS1V5OG1NB@zlsvr22>|eMetraletter1A.doc
andy_zipper|Emetra|2000-11-29 20:08:00-0800|<C41AKOE5XGKZBSRD4HLV3O3V1JQ3FDD1A@zlsvr22>|Price Posting Agreement 29.11.2000.doc
andy_zipper|Emetra|2000-11-30 19:37:00-0800|<P1W2WF21D12FIHO4X01TR5MVFULK2OZMB@zlsvr22>|Price Posting Agreement 30.11.2000II.doc
andy_zipper|Emetra|2000-12-01 14:09:00-0800|<D04NFVZAWRTBDZ2IG2MNB1A1QDFQZI00A@zlsvr22>|Price Posting Agreement 1.12.00.doc
andy_zipper|Emetra|2000-12-08 17:44:00-0800|<IPECCTQ1NZSOOQQRTPGXL1SMILHBQY3SB@zlsvr22>|Price Posting Agreement 081200.doc
andy_zipper|HS|2001-03-01 16:32:45-0800|<IOCLV2D4MU1IAU4JRGR1K3GHP3I15ZAZA@zlsvr22>|EOL JVproposal.225.ppt
andy_zipper|HS|2001-03-05 17:41:00-0800|<CYE5D4YK2OTMKZ1QVHM3KG0YJPJ4RBBUB@zlsvr22>|HS-KRoad.doc
andy_zipper|HS|2001-03-12 08:45:03-0800|<B341ZEHIJNFX4BEXNVRBXBI52H0VSUJRA@zlsvr22>|John Applegate.vcf
andy_zipper|HS|2001-03-30 19:17:59-0800|<NMEOSJZDBXPMZIBUQ2HMWXYK4KEBTLCEB@zlsvr22>|Letter Agreement - HoustonStreetEnron.DOC
andy_zipper|HS|2001-03-30 19:17:59-0800|<NMEOSJZDBXPMZIBUQ2HMWXYK4KEBTLCEB@zlsvr22>|Letter Agreement - HoustonStreetEnron1.clean.DOC
andy_zipper|HS|2001-03-30 19:17:59-0800|<NMEOSJZDBXPMZIBUQ2HMWXYK4KEBTLCEB@zlsvr22>|Letter Agreement - HoustonStreetEnronFINAL.DOC
andy_zipper|HS|2001-04-02 13:56:24-0700|<BYFVFQPBQFISHFAUOOM23B04ZFKPXBCNA@zlsvr22>|John Applegate.vcf
andy_zipper|HS|2001-05-31 09:21:38-0700|<LWKIDXMVBUYCAKAQV21MJWBLKFTA2K4FA@zlsvr22>|Success-TradeLog.xls
andy_zipper|HS|2001-05-31 09:21:38-0700|<LWKIDXMVBUYCAKAQV21MJWBLKFTA2K4FA@zlsvr22>|XMLClientResult_adams.xml
andy_zipper|HS|2001-05-31 09:21:38-0700|<LWKIDXMVBUYCAKAQV21MJWBLKFTA2K4FA@zlsvr22>|XMLClientResult_arizona.xml
andy_zipper|HS|2001-05-31 09:21:38-0700|<LWKIDXMVBUYCAKAQV21MJWBLKFTA2K4FA@zlsvr22>|XMLClientResult_avista.xml
andy_zipper|HS|2001-05-31 09:21:38-0700|<LWKIDXMVBUYCAKAQV21MJWBLKFTA2K4FA@zlsvr22>|XMLClientResult_bptrader.xml
andy_zipper|HS|2001-05-31 09:21:38-0700|<LWKIDXMVBUYCAKAQV21MJWBLKFTA2K4FA@zlsvr22>|xml_dtd_oil_power.dtd
andy_zipper|HS|2001-05-31 15:08:07-0700|<EKZLIQFFOH0OUOUKTIFTF1M4FU225F2PB@zlsvr22>|#1.dat
andy_zipper|HS|2001-05-31 15:08:07-0700|<K0UII0KCQHNLFMSMFOEHD4KQ1GPUOBNHB@zlsvr22>|#1.dat
andy_zipper|Hs|2000-12-01 16:26:00-0800|<GLCCG0MZH5MKY3SIE0KTIB324C4ET5B0B@zlsvr22>|HS.doc
andy_zipper|Inbox|2001-05-22 06:52:49-0700|<OV11YKMQCK2ANJ341JJ4LK3HWHU4COLZB@zlsvr22>|Nymex 18.05.01.doc
andy_zipper|Inbox|2001-05-22 07:00:41-0700|<JDOWXKABJ3334GNYHOMZMZJ1C3G4ZJQZA@zlsvr22>|Nymex 18.05.01.doc
andy_zipper|Inbox|2001-05-31 22:34:11-0700|<CDPLOZMWXTUPFCDPNF0VOMPJCQPCPMBZA@zlsvr22>|EOL Content - Community 06-01-2001.opx
andy_zipper|Inbox|2001-05-31 22:34:11-0700|<CDPLOZMWXTUPFCDPNF0VOMPJCQPCPMBZA@zlsvr22>|EOL Marketing Americas  06-01-2001.opx
andy_zipper|Inbox|2001-05-31 22:34:11-0700|<CDPLOZMWXTUPFCDPNF0VOMPJCQPCPMBZA@zlsvr22>|EOL Operations- Europe  06-01-2001.opx
andy_zipper|Inbox|2001-05-31 22:34:11-0700|<CDPLOZMWXTUPFCDPNF0VOMPJCQPCPMBZA@zlsvr22>|EOL Origination 06-01-2001.opx
andy_zipper|Inbox|2001-05-31 22:34:11-0700|<CDPLOZMWXTUPFCDPNF0VOMPJCQPCPMBZA@zlsvr22>|EnronOnline LLC 06-01-2001.opx
andy_zipper|Inbox|2001-06-04 07:55:03-0700|<PAS2FWJP2DB3104MDB4ZPSVIEUIEMJPPA@zlsvr22>|#1.dat
andy_zipper|Inbox|2001-06-04 10:49:39-0700|<H5RYZY1QZ1HAULKGJDRU0LF2UQ5UL21LB@zlsvr22>|Non-Exempt EE Scorecard.xls
andy_zipper|Inbox|2001-06-04 16:47:56-0700|<C4KRPRUSDOUG14KIYRRJQDNMS0JEJ4WMA@zlsvr22>|Broker detail 6-4-01.xls
andy_zipper|Inbox|2001-06-04 17:33:16-0700|<IJPP1ZSE5JQSZ4GGX2Q43XGZESK5DIRJB@zlsvr22>|xls.dat
andy_zipper|Inbox|2001-06-05 07:36:29-0700|<GTFONHBDVE4SFV3PLMS3TNENMY4IUC3QB@zlsvr22>|Guadarrama.dat
andy_zipper|Inbox|2001-06-05 07:36:29-0700|<GTFONHBDVE4SFV3PLMS3TNENMY4IUC3QB@zlsvr22>|Michael.vcf
andy_zipper|Inbox|2001-06-05 14:22:47-0700|<DWDDS5FDAMLWJHLJIFEQJYW5SXA32FNWB@zlsvr22>|Guadarrama.dat
andy_zipper|Inbox|2001-06-05 14:22:47-0700|<DWDDS5FDAMLWJHLJIFEQJYW5SXA32FNWB@zlsvr22>|Johnson.dat
andy_zipper|Inbox|2001-06-05 14:22:47-0700|<DWDDS5FDAMLWJHLJIFEQJYW5SXA32FNWB@zlsvr22>|Michael.vcf
andy_zipper|Inbox|2001-06-05 14:22:47-0700|<DWDDS5FDAMLWJHLJIFEQJYW5SXA32FNWB@zlsvr22>|Shelley.vcf
andy_zipper|Inbox|2001-06-05 14:43:34-0700|<GPY4ZURNHRYKCFCL32SD3AFUZTOK54CSB@zlsvr22>|Alaniz.dat
andy_zipper|Inbox|2001-06-05 14:43:34-0700|<GPY4ZURNHRYKCFCL32SD3AFUZTOK54CSB@zlsvr22>|Alex.rtf
andy_zipper|Inbox|2001-06-05 16:54:43-0700|<KNO21QIJC13AVOJMYIYFM4O1EWGNVWGZB@zlsvr22>|Broker & Exchange Detail 6-5-01.xls
andy_zipper|Inbox|2001-06-05 17:38:24-0700|<FWHVA24KPD5LAKLJ5DY0TIRA4PBF0M5RB@zlsvr22>|#1.dat
andy_zipper|Inbox|2001-06-05 18:33:51-0700|<ORI000TGXSE2NRRP0NT1MGBLBSU20RWLA@zlsvr22>|EOL_Countries&Products_Status_06-01-01.xls
andy_zipper|Inbox|2001-06-05 19:34:47-0700|<B0AKFRSVVC4RIO1QL3J5HGPNJXDMD0BBB@zlsvr22>|xls.dat
andy_zipper|Inbox|2001-06-06 16:36:34-0700|<HY512EOEWTHNHGVWJKLKYCZDT05UUNISA@zlsvr22>|#1.dat
andy_zipper|Inbox|2001-06-06 20:08:01-0700|<E2EI5UJN10CQWGV5GVHRGPLNNOQTKXAOB@zlsvr22>|LICENSE AND SERVICES AGREEMENT.doc
andy_zipper|Inbox|2001-06-07 08:38:04-0700|<BPA3LVJX2QOG3VJY2INEK44KBBX02V2LB@zlsvr22>|DYNEGY-ICE VOL Jun6.xls
andy_zipper|Inbox|2001-11-30 15:02:54-0800|<HSQXRNOAOHKVHIE3UP0MBKFFPR0ZDOLJB@zlsvr22>|Backtests 1-1-98 thru 11-28-01.ppt
andy_zipper|Inbox|2001-12-06 11:41:09-0800|<CXQI2BHCT5VIFIGOMKORAVIEURTOGSSHA@zlsvr22>|New Co Nuke outage stress.xls
andy_zipper|Inbox|2001-12-31 13:14:16-0800|<PDJ3WVIFTWXTG3KPY0S4WMPOGA5CQIFZA@zlsvr22>|NYMEX Straddles.xls
andy_zipper|Inbox|2001-12-31 13:15:33-0800|<H5H4JMUDSZVRN0OJTJZ1BIXO3TY0DMOQA@zlsvr22>|ATT10450.dat
andy_zipper|Inbox|2001-12-31 13:21:15-0800|<BVRI5IF44WOVQN1IOFOQVOFLBCVJN3RQA@zlsvr22>|NYMEX Straddles.xls
andy_zipper|Inbox|2002-01-24 09:22:37-0800|<GG301BAML5L1DRFCOEH031ORWMJGFUEEB@zlsvr22>|AGA.xls
andy_zipper|Inbox|2002-01-28 10:02:14-0800|<FZP1EDYJ35KYETBSSN2BTJT3FCOAKONBA@zlsvr22>|US Gas Stack & Website for New Version 121401.xls
andy_zipper|Inbox|2002-01-29 12:32:42-0800|<P5D0STCMKFDWCCS2WX0ZUOAMX2YAXXKSB@zlsvr22>|Sharpe Ratio.html
andy_zipper|Inbox|2002-01-29 14:44:54-0800|<MWL4XPVL2LQ44WCBDH2WQ4PUUU34NMAVB@zlsvr22>|NYMEX Straddles.xls
andy_zipper|Inbox|2002-01-30 15:01:19-0800|<IAZAQRBU5MWJWAUF1MJFFACWVMQPFEDZB@zlsvr22>|NYMEX Straddles.xls
andy_zipper|Inbox|2002-01-31 10:32:19-0800|<GQDBI41D53RJZUE5J4D0RB0HBFD4YBWJA@zlsvr22>|Beneficiary.pdf
andy_zipper|Inbox|2002-01-31 10:32:19-0800|<GQDBI41D53RJZUE5J4D0RB0HBFD4YBWJA@zlsvr22>|DirDeposit.pdf
andy_zipper|Inbox|2002-01-31 10:32:19-0800|<GQDBI41D53RJZUE5J4D0RB0HBFD4YBWJA@zlsvr22>|EnrolForm.pdf
andy_zipper|Inbox|2002-01-31 10:32:19-0800|<GQDBI41D53RJZUE5J4D0RB0HBFD4YBWJA@zlsvr22>|W4_2002.pdf
andy_zipper|Inbox|2002-01-31 14:39:12-0800|<MT1VEIOMEFJ45AGVK0LBWVZMB2ELEVYNA@zlsvr22>|NYMEX Straddles.xls
andy_zipper|Inbox|2002-02-01 14:41:58-0800|<H2IQCUPZUXX02J30IIVCA4CFYXG0HEAHA@zlsvr22>|NYMEX Straddles.xls
andy_zipper|Inbox|2002-02-04 14:50:00-0800|<CRZNQMXZWQSICAEZYOM5G31QRHLQWFT3A@zlsvr22>|NYMEX Straddles.xls
andy_zipper|Inbox|2002-02-04 15:04:08-0800|<PANU5XE5OO5LKTAAPCAY3NR0BVHSGINNA@zlsvr22>|Beneficiary.pdf
andy_zipper|Inbox|2002-02-04 15:04:08-0800|<PANU5XE5OO5LKTAAPCAY3NR0BVHSGINNA@zlsvr22>|DirDeposit.pdf
andy_zipper|Inbox|2002-02-04 15:04:08-0800|<PANU5XE5OO5LKTAAPCAY3NR0BVHSGINNA@zlsvr22>|EnrolForm.pdf
andy_zipper|Inbox|2002-02-04 15:04:08-0800|<PANU5XE5OO5LKTAAPCAY3NR0BVHSGINNA@zlsvr22>|W4_2002.pdf
andy_zipper|Inbox|2002-02-04 15:07:30-0800|<OTEEKKWOMH0UZL0YGT2D2ZWH1BLBBMPOA@zlsvr22>|Beneficiary.pdf
andy_zipper|Inbox|2002-02-04 15:07:30-0800|<OTEEKKWOMH0UZL0YGT2D2ZWH1BLBBMPOA@zlsvr22>|DirDeposit.pdf
andy_zipper|Inbox|2002-02-04 15:07:30-0800|<OTEEKKWOMH0UZL0YGT2D2ZWH1BLBBMPOA@zlsvr22>|EnrolForm.pdf
andy_zipper|Inbox|2002-02-04 15:07:30-0800|<OTEEKKWOMH0UZL0YGT2D2ZWH1BLBBMPOA@zlsvr22>|W4_2002.pdf
andy_zipper|Inbox|2002-02-05 10:48:47-0800|<MOKMSHVEJORQJI4PZK2SKFZLEEK3YVOGB@zlsvr22>|02.05.02.xls
andy_zipper|Inbox|2002-02-05 18:41:12-0800|<FQ3L1XMVPZMFWFBOV0RG2KCASNXHPJ2EA@zlsvr22>|020502 - FAQ for Stack Manager.doc
andy_zipper|Inbox|2002-02-06 11:17:24-0800|<AJTNF5GWJWQCT2YS430CYBGKOBOKKUW2A@zlsvr22>|Certification.doc
andy_zipper|Inbox|2002-02-06 14:55:55-0800|<JWQALZD4OEBYGHBIIE53HTNMXUXWPMRCB@zlsvr22>|02.06.02.xls
andy_zipper|Inbox|2002-02-06 15:07:36-0800|<C2GE142JT0JIINQ22JN5FNQFZSZHPCF1B@zlsvr22>|NYMEX Straddles.xls
andy_zipper|Inbox|2002-02-06 16:09:44-0800|<MSIY0MIARGEFQPBQBUR1ZD4FDIS1GGT0A@zlsvr22>|Beneficiary.pdf
andy_zipper|Inbox|2002-02-06 16:09:44-0800|<MSIY0MIARGEFQPBQBUR1ZD4FDIS1GGT0A@zlsvr22>|DirDeposit.pdf
andy_zipper|Inbox|2002-02-06 16:09:44-0800|<MSIY0MIARGEFQPBQBUR1ZD4FDIS1GGT0A@zlsvr22>|EnrolForm.pdf
andy_zipper|Inbox|2002-02-06 16:09:44-0800|<MSIY0MIARGEFQPBQBUR1ZD4FDIS1GGT0A@zlsvr22>|W4_2002.pdf
andy_zipper|Inbox|2002-02-07 00:09:37-0800|<J0LPRWCFHFOZ10QBMWODOARD0U00WHSBB@zlsvr22>|010_003.doc
andy_zipper|Inbox|2002-02-07 00:09:37-0800|<J0LPRWCFHFOZ10QBMWODOARD0U00WHSBB@zlsvr22>|ENRONnb.ppt
andy_zipper|Inbox|2002-02-07 00:09:37-0800|<J0LPRWCFHFOZ10QBMWODOARD0U00WHSBB@zlsvr22>|Key Credit Contacts.xls
andy_zipper|Inbox|2002-02-07 00:09:37-0800|<J0LPRWCFHFOZ10QBMWODOARD0U00WHSBB@zlsvr22>|ubswe.ppt
andy_zipper|Kiodex|2001-01-31 02:41:00-0800|<MVBBKMRJV4SHQBYJRJUU2PJBDALRU3WZB@zlsvr22>|Kiodex - EOL Meeting Agenda 01-Feb-01.doc
andy_zipper|Kiodex|2001-02-01 11:05:00-0800|<N032ZWVXB1AA1XQLW5NVIICIQCBJSG1NA@zlsvr22>|Kiodex - EOL Meeting Agenda 01-Feb-01.doc
andy_zipper|Kiodex|2001-02-01 15:34:00-0800|<HNNTUK4KVU31J1RB0OEUQS0CSCV2OZ0WA@zlsvr22>|CoMarketing_NEW.doc
andy_zipper|Kiodex|2001-02-06 01:59:00-0800|<ELDNR1EF2HJA2QDYN4A3HAID55O0CS32A@zlsvr22>|SPA  .DOC
andy_zipper|Kiodex|2001-02-06 01:59:00-0800|<ELDNR1EF2HJA2QDYN4A3HAID55O0CS32A@zlsvr22>|Stockholders Agr  .DOC
andy_zipper|Kiodex|2001-02-06 02:55:00-0800|<PQZJNVIO3RMLLJHDO120YJ3OZPDZLNF4A@zlsvr22>|CoMarketing_2-5-01.doc
andy_zipper|Kiodex|2001-02-07 00:27:00-0800|<KBDX5CJVZW1PH3A3KHYTYN1HVRF3JTF2B@zlsvr22>|CoMarketing_2-6-01.doc
andy_zipper|Kiodex|2001-02-16 01:10:12-0800|<A0URFJ5VMHQ10L2VVKLNXYQ0JPGA5JWOB@zlsvr22>|Feb 16 CoMarketing Agreement [by V&E].DOC
andy_zipper|Kiodex|2001-02-20 23:30:42-0800|<M4I32YDZQ0AW4PLYUG0P5I0STCJ5KI2AB@zlsvr22>|compared v1 to v4 Warrant to Acquire Common Shares 2-16.DOC
andy_zipper|Kiodex|2001-02-20 23:30:42-0800|<M4I32YDZQ0AW4PLYUG0P5I0STCJ5KI2AB@zlsvr22>|compared v3 to v5 Stockholders Agreement 2-16.DOC
andy_zipper|Kiodex|2001-02-20 23:30:42-0800|<M4I32YDZQ0AW4PLYUG0P5I0STCJ5KI2AB@zlsvr22>|compared v4 Common Stock Purchase Agreement.DOC
andy_zipper|Kiodex|2001-02-20 23:30:42-0800|<M4I32YDZQ0AW4PLYUG0P5I0STCJ5KI2AB@zlsvr22>|v4 Common Stock Purchase Agreement.DOC
andy_zipper|Kiodex|2001-02-20 23:30:42-0800|<M4I32YDZQ0AW4PLYUG0P5I0STCJ5KI2AB@zlsvr22>|v4 Warrant to Acquire Common Shares 2-16.DOC
andy_zipper|Kiodex|2001-02-20 23:30:42-0800|<M4I32YDZQ0AW4PLYUG0P5I0STCJ5KI2AB@zlsvr22>|v5 Stockholders Agreement 2-16.DOC
andy_zipper|Kiodex|2001-02-21 23:35:04-0800|<OND2NLYSVO21BIKM0ETRKHDMSCMMODG3B@zlsvr22>|Co_mktgR.rtf
andy_zipper|Kiodex|2001-02-21 23:35:04-0800|<OND2NLYSVO21BIKM0ETRKHDMSCMMODG3B@zlsvr22>|Co_mktgRedline.rtf
andy_zipper|Kiodex|2001-02-21 23:35:04-0800|<OND2NLYSVO21BIKM0ETRKHDMSCMMODG3B@zlsvr22>|Feb 20 CoMarketing Agreement.DOC
andy_zipper|Kiodex|2001-02-21 23:51:38-0800|<H4D0D4P0WVIMOT4XW22PJR3RQZTALQL3B@zlsvr22>|v4 Common Stock Purchase Agreement.DOC
andy_zipper|Kiodex|2001-02-22 01:22:42-0800|<AOP2F1OOMMWHFWBXDSDVM3ED4YROPYJYA@zlsvr22>|compared v4 Common Stock Purchase Agreement 2-21.DOC
andy_zipper|Kiodex|2001-02-22 01:22:42-0800|<AOP2F1OOMMWHFWBXDSDVM3ED4YROPYJYA@zlsvr22>|compared v4 Warrant to Acquire Common Shares 2-21.DOC
andy_zipper|Kiodex|2001-02-22 01:22:42-0800|<AOP2F1OOMMWHFWBXDSDVM3ED4YROPYJYA@zlsvr22>|compared v5 Stockholders Agreement 2-21.DOC
andy_zipper|Kiodex|2001-02-22 01:22:42-0800|<AOP2F1OOMMWHFWBXDSDVM3ED4YROPYJYA@zlsvr22>|v4 Common Stock Purchase Agreement.DOC
andy_zipper|Kiodex|2001-02-22 01:22:42-0800|<AOP2F1OOMMWHFWBXDSDVM3ED4YROPYJYA@zlsvr22>|v4 Warrant to Acquire Common Shares 2-16.DOC
andy_zipper|Kiodex|2001-02-22 01:22:42-0800|<AOP2F1OOMMWHFWBXDSDVM3ED4YROPYJYA@zlsvr22>|v5 Stockholders Agreement 2-16.DOC
andy_zipper|Kiodex|2001-02-22 20:38:21-0800|<DOQRCFPTGNTLQXKP4FPT5RN1F2FWF1TRB@zlsvr22>|KDX1.doc
andy_zipper|Kiodex|2001-02-23 22:29:42-0800|<GSEOBK5EZ1D2A4JYDKKDIHFLMUXLLHHVA@zlsvr22>|DVComparison_Houston_459043_3-Houston_459043_4.DOC
andy_zipper|Kiodex|2001-02-23 22:29:42-0800|<GSEOBK5EZ1D2A4JYDKKDIHFLMUXLLHHVA@zlsvr22>|Feb 22 CoMarketing Agreement.DOC
andy_zipper|Kiodex|2001-02-23 22:29:42-0800|<GSEOBK5EZ1D2A4JYDKKDIHFLMUXLLHHVA@zlsvr22>|KDX.doc
andy_zipper|Kiodex|2001-02-23 22:29:42-0800|<GSEOBK5EZ1D2A4JYDKKDIHFLMUXLLHHVA@zlsvr22>|compared 2-22 v5 Stockholders Agreement.DOC
andy_zipper|Kiodex|2001-02-23 22:29:42-0800|<GSEOBK5EZ1D2A4JYDKKDIHFLMUXLLHHVA@zlsvr22>|compared v4 2-22 Warrant to Acquire Common Shares.DOC
andy_zipper|Kiodex|2001-02-23 22:29:42-0800|<GSEOBK5EZ1D2A4JYDKKDIHFLMUXLLHHVA@zlsvr22>|v4 Common Stock Purchase Agreement.DOC
andy_zipper|Kiodex|2001-02-23 22:29:42-0800|<GSEOBK5EZ1D2A4JYDKKDIHFLMUXLLHHVA@zlsvr22>|v4 Warrant to Acquire Common Shares 2-16.DOC
andy_zipper|Kiodex|2001-02-23 22:29:42-0800|<GSEOBK5EZ1D2A4JYDKKDIHFLMUXLLHHVA@zlsvr22>|v5 Stockholders Agreement 2-16.DOC
andy_zipper|Kiodex|2001-02-26 13:59:19-0800|<HBZ0ZRFMFNTLUHA5S1F4BZASZ4PNTAHFB@zlsvr22>|333061.doc
andy_zipper|Kiodex|2001-02-27 15:40:00-0800|<JGZVH4RW4SWLE4BNQ5DA0BENC3Y0S2HIB@zlsvr22>|#1.dat
andy_zipper|Kiodex|2001-02-27 15:40:00-0800|<JGZVH4RW4SWLE4BNQ5DA0BENC3Y0S2HIB@zlsvr22>|#2.dat
andy_zipper|Kiodex|2001-03-06 17:44:29-0800|<LB0Z235YYB1RJLQQ1VIHSON41CCXO05XB@zlsvr22>|COMPARERITEREPORT-NY-320663.DOC
andy_zipper|Kiodex|2001-03-06 17:44:29-0800|<LB0Z235YYB1RJLQQ1VIHSON41CCXO05XB@zlsvr22>|COMPARERITEREPORT-NY-329408.DOC
andy_zipper|Kiodex|2001-03-06 17:44:29-0800|<LB0Z235YYB1RJLQQ1VIHSON41CCXO05XB@zlsvr22>|COMPARERITEREPORT-NY-333212.DOC
andy_zipper|Kiodex|2001-03-06 17:44:29-0800|<LB0Z235YYB1RJLQQ1VIHSON41CCXO05XB@zlsvr22>|COMPARERITEREPORT-NY-336825.DOC
andy_zipper|Kiodex|2001-03-12 10:22:49-0800|<FEWZWR2IXVV0CW1PYABHIZT14JH55DXIB@zlsvr22>|474343_4.DOC
andy_zipper|Kiodex|2001-03-12 10:22:49-0800|<FEWZWR2IXVV0CW1PYABHIZT14JH55DXIB@zlsvr22>|Redline.rtf
andy_zipper|Kiodex|2001-03-12 16:54:10-0800|<PWXV3S3YY3CZ0BXJUC5PMBZNZOBVJFL4B@zlsvr22>|March 12 CoMarketing Agreement.DOC
andy_zipper|Kiodex|2001-03-12 16:54:10-0800|<PWXV3S3YY3CZ0BXJUC5PMBZNZOBVJFL4B@zlsvr22>|Redline vs Feb 22 draft.rtf
andy_zipper|Kiodex|2001-03-12 16:54:10-0800|<PWXV3S3YY3CZ0BXJUC5PMBZNZOBVJFL4B@zlsvr22>|Redline vs March 6 Kiodex draft.rtf
andy_zipper|Kiodex|2001-03-14 08:14:54-0800|<PLXAYLNJN4EIPMJNYWTQNWUU35IBZXJBB@zlsvr22>|COMPARERITEREPORT-NY-320663.DOC
andy_zipper|Kiodex|2001-03-14 08:14:54-0800|<PLXAYLNJN4EIPMJNYWTQNWUU35IBZXJBB@zlsvr22>|COMPARERITEREPORT-NY-329408.DOC
andy_zipper|Kiodex|2001-03-14 08:14:54-0800|<PLXAYLNJN4EIPMJNYWTQNWUU35IBZXJBB@zlsvr22>|COMPARERITEREPORT-NY-333061.DOC
andy_zipper|Kiodex|2001-03-14 08:14:54-0800|<PLXAYLNJN4EIPMJNYWTQNWUU35IBZXJBB@zlsvr22>|COMPARERITEREPORT-NY-333212.DOC
andy_zipper|Kiodex|2001-03-15 09:17:23-0800|<OCUGF1S22O3EGSMVL32A4DIE0W2ACJQQB@zlsvr22>|March 14 CoMarketing Agreement.DOC
andy_zipper|Kiodex|2001-03-15 09:17:23-0800|<OCUGF1S22O3EGSMVL32A4DIE0W2ACJQQB@zlsvr22>|Redline.rtf
andy_zipper|Kiodex|2001-03-23 08:08:40-0800|<PDGZLZYIMJL0MV5QFKHI5TM4IXJUKST3A@zlsvr22>|Michael Telle .vcf
andy_zipper|Kiodex|2001-03-23 08:08:40-0800|<PDGZLZYIMJL0MV5QFKHI5TM4IXJUKST3A@zlsvr22>|RRA.TIF
andy_zipper|Kiodex|2001-03-23 08:08:40-0800|<PDGZLZYIMJL0MV5QFKHI5TM4IXJUKST3A@zlsvr22>|SA.TIF
andy_zipper|Offline|2001-02-21 09:35:47-0800|<MZAWQQSOIF123PDOOANN0Z2W1D0II05GB@zlsvr22>|Sourcing.Matrix.Executive Summary.doc
andy_zipper|Offline|2001-02-21 09:36:41-0800|<M3FHHIQQEZUKYXQWPYT51HXFVMF44QUVA@zlsvr22>|i2-restricted-co.doc
andy_zipper|Sent Items|2001-05-23 17:58:38-0700|<MNA2EIMCR04FE2EZKXVTY42WGBUUYTXAA@zlsvr22>|Reuters - valuation - 2001-05-22.ppt
andy_zipper|Sent Items|2001-05-24 20:18:30-0700|<JR0NYVJRAI5443WPI0FGM2MVDC2DDBBQA@zlsvr22>|Market sectors and coverage responsibilities-Revised.doc
andy_zipper|Sent Items|2001-05-24 21:17:36-0700|<PTIOSGJCZ33THAX1R0ZSHGLQWLYQSIHDB@zlsvr22>|Nymex 18.05.01.doc
andy_zipper|Sent Items|2001-05-25 18:26:49-0700|<HUPAEUULGAJE4V2E2WJPMDEB5LZSEI1DA@zlsvr22>|Broker detail 5-24-01.xls
andy_zipper|Sent Items|2001-06-01 16:09:26-0700|<BYYEF02GBH4UDF5L4MD2PFD13XCMRUVNA@zlsvr22>|Enron platform.doc
andy_zipper|Sent Items|2001-06-04 14:43:46-0700|<CGJMJDBYWNN0IMA4UCWNKI43PWA3OZGCB@zlsvr22>|#1.dat
andy_zipper|Sent Items|2001-06-04 14:43:46-0700|<CGJMJDBYWNN0IMA4UCWNKI43PWA3OZGCB@zlsvr22>|DYNEGY-ICE VOL Jun1.xls
andy_zipper|Sent Items|2001-06-04 15:09:39-0700|<KK4KOOV25II1VXSYC4VNGAPONL3KO0U0A@zlsvr22>|March 14 CoMarketing Agreement.DOC
andy_zipper|Sent Items|2001-06-04 15:09:39-0700|<KK4KOOV25II1VXSYC4VNGAPONL3KO0U0A@zlsvr22>|Redline.rtf
andy_zipper|Sent Items|2001-06-04 16:06:06-0700|<NFYIJ1HXVGVFBWJIBM4XZCK2B1F1513QA@zlsvr22>|March 14 CoMarketing Agreement.DOC
andy_zipper|Sent Items|2001-06-04 16:06:06-0700|<NFYIJ1HXVGVFBWJIBM4XZCK2B1F1513QA@zlsvr22>|Redline.rtf
andy_zipper|Sent Items|2001-06-06 14:46:33-0700|<BEYRE4FMWBBXID2L1FMUGA0XTVW4PCJBB@zlsvr22>|Guadarrama.dat
andy_zipper|Sent Items|2001-06-06 14:46:33-0700|<BEYRE4FMWBBXID2L1FMUGA0XTVW4PCJBB@zlsvr22>|Michael.vcf
andy_zipper|Sent Items|2001-06-07 21:30:42-0700|<MXIEQFPM0ZZLF11NUFMC50GZHEQFBER5A@zlsvr22>|DYNEGY-ICE VOL Jun61.xls
andy_zipper|Sent Items|2001-11-29 23:15:04-0800|<CPLBNLFK11VHK5I0EUBFRD1ICHAKO1ZYB@zlsvr22>|Proforma.xls
andy_zipper|Sent Items|2001-11-30 21:17:27-0800|<NNWRQ0IMVDOEMI4QNHA33DJXBZVVRLPWA@zlsvr22>|Backtests 1-1-98 thru 11-28-01.ppt
andy_zipper|Sent Items|2001-12-07 20:00:05-0800|<PKK3IVZYPBNOSTGQYSDY5TF3WZDB4A34B@zlsvr22>|Profit and Loss.doc
andy_zipper|Sent Items|2001-12-07 20:06:26-0800|<MFKLMV2EHVTONW4WDJTZGECELZZZ1BD4B@zlsvr22>|Libor 101501.xls
andy_zipper|Sent Items|2001-12-10 14:36:33-0800|<HSJXVOS1VJLSLDKYT2HEZZEXCU3ZJX02A@zlsvr22>|COF Curves for Andy Zipper.xls
andy_zipper|Sent Items|2001-12-17 14:47:40-0800|<FHIWYZLOIR20BXMLNCU4NOJYL54KLZ1VA@zlsvr22>|Bilal Bajwa Resume.doc
andy_zipper|Sent Items|2002-01-04 19:53:58-0800|<GYK5PNNMKGDDB0V540E4EQM3ODGWP2SIB@zlsvr22>|Book1.xls
andy_zipper|Sent Items|2002-01-04 19:56:15-0800|<GXG5TAX4XPJ12HBNGHOEGRBUFG13AVD3B@zlsvr22>|Book1.xls
andy_zipper|Sent Items|2002-01-10 17:04:02-0800|<MWB1O30JZPVVDMB514MK4VECXFONEVQNA@zlsvr22>|Mar Apr straddle spread.xls
andy_zipper|Sent Items|2002-01-28 18:37:33-0800|<DRYDR2KPC2V3Z5CRGZKRTSMCEA1E4ODPA@zlsvr22>|DOM012802.pdf
andy_zipper|Sent Items|2002-01-31 21:59:15-0800|<HU2RT2JQREPEIQODM3P05HAVOGNS3YWNB@zlsvr22>|#1.dat
andy_zipper|Sent Items|2002-02-05 21:00:00-0800|<OAA4PJYXGMSYSU5PUZNGKECEJHLSLVNIB@zlsvr22>|seats.xls
andy_zipper|TQ|2001-01-10 03:59:00-0800|<IJGK23X0AL2IGTTI4EG2C1DWYR2JRUL4B@zlsvr22>|POSTINGAGREEMENTAMENDMENT010901revised_.doc
andy_zipper|TQ|2001-03-29 23:47:37-0800|<KGQWLXA0OOLLE2WSM50DOEW1L45UIXHWA@zlsvr22>|TQPostingAm2.doc
andy_zipper|TSS|2001-02-23 13:40:32-0800|<AWCXHFWOUKPVHDVF24PV0RV4CZKIKPUTA@zlsvr22>|Letter for TSS.doc
andy_zipper|TSS|2001-02-23 23:32:44-0800|<IDFEMIMETFRWK30Q2NXKLIA2NO2GNMFPB@zlsvr22>|TradeWell Proposal.doc
andy_zipper|TSS|2001-03-06 20:01:44-0800|<GZ0DWQL3MMSEZ2Y1ZMHZRRJEZTRJIEWVA@zlsvr22>|EDSCube_NY_Feb2.ppt
andy_zipper|TSS|2001-03-07 23:15:03-0800|<LI30HJJALYGH2GMY53B4MMIKQ3XDJ5A2B@zlsvr22>|EDS TS Hub.ppt
andy_zipper|TSS|2001-03-07 23:47:40-0800|<OCLDT5RND0SD2LUOBT2YGRGPIIL1G2AVB@zlsvr22>|EDS TS Hub.ppt
andy_zipper|TSS|2001-03-08 16:27:39-0800|<NO30RPTRUC1YUNFEP4KZW5NKWJ40OSQVB@zlsvr22>|mODEL 3 7 01 Base.xls
andy_zipper|TSS|2001-03-08 16:27:39-0800|<NO30RPTRUC1YUNFEP4KZW5NKWJ40OSQVB@zlsvr22>|mODEL 3 7 01 Pitch.xls
andy_zipper|TSS|2001-03-19 21:35:55-0800|<DVMC1JOMCNPJ5W1EM0SRNDGY3R3JUS41A@zlsvr22>|EnronOnline Master 010319.ppt
andy_zipper|TSS|2001-03-20 19:22:37-0800|<IQHRMZWK5B0XGGD1KLQ22L35LI4Y41JZB@zlsvr22>|EOL Data Redist Proposal.doc
andy_zipper|TSS|2001-04-10 06:35:05-0700|<I0MNJBBG0LZC4JNRCJSXIGMGOV0JHNUSB@zlsvr22>|accenture-dealpoints v2.doc
andy_zipper|TSS|2001-04-22 20:25:55-0700|<P2AHCJKXTGQP45Q10RM404ZVJQS0K1R3A@zlsvr22>|Enron - Accenture - Dealpoints v4.doc
andy_zipper|TSS|2001-05-01 08:13:02-0700|<OBVCCNUO3XAKPZF5X4PCRCMXJVT4YCZSA@zlsvr22>|Main Technical Deck.ppt
andy_zipper|TSS|2001-05-01 08:13:02-0700|<OBVCCNUO3XAKPZF5X4PCRCMXJVT4YCZSA@zlsvr22>|The Hub.pdf
andy_zipper|TSS|2001-05-01 15:03:40-0700|<PIZTJCB1PHKUPGTWKSMPTRINUTTZ3SDDB@zlsvr22>|96S903_.doc
andy_zipper|TSS|2001-05-04 16:44:31-0700|<G10KQAAOVE5DGCE3GLU4ZLN34VK1SVTMB@zlsvr22>|Enron Term Sheet.doc
andy_zipper|TSS|2001-05-14 12:37:55-0700|<BESBK0XWM45JSZVUCXQIJIFG4FE221UJA@zlsvr22>|Restriction on STP v2.doc
andy_zipper|TSS|2001-05-17 16:23:26-0700|<ORRQM0LDY0W2MI2DZ1CJMI224OK2FZRKA@zlsvr22>|EOL Contract Draft v2.doc
andy_zipper|TSS|2001-05-28 19:14:22-0700|<GUUUZOOSKOPD4YDVGVS14MZK5ACYUSMLA@zlsvr22>|560569_2.DOC
andy_zipper|TSS|2001-06-03 10:12:10-0700|<JJNMGIFSSHDHPJI0EGNORK2AGWDJFICOA@zlsvr22>|June 3 License Agreement with Accenture [by V&E].DOC
andy_zipper|TSS|2001-06-04 12:23:13-0700|<GIYVSBHSYAXSFQSGGWMTE3KEFSMLDHLSB@zlsvr22>|Accenture1.doc
andy_zipper|TSS|2001-06-04 12:23:13-0700|<GIYVSBHSYAXSFQSGGWMTE3KEFSMLDHLSB@zlsvr22>|June 4 License Agreement with Accenture [by V&E].DOC
andy_zipper|TSS|2001-06-14 12:50:16-0700|<E2XIEB3MF3NA4WM3KZZXXNERQTAYT0QIA@zlsvr22>|EOL Contract Draft v3 Deal Points.doc
andy_zipper|TSS|2001-06-19 14:42:29-0700|<DGEVOROW3TEPIEMN5JIU1RWQR2G5C3JPB@zlsvr22>|Enron License Agreement .DOC
andy_zipper|TSS|2001-06-19 14:42:29-0700|<DGEVOROW3TEPIEMN5JIU1RWQR2G5C3JPB@zlsvr22>|Redline.rtf
andy_zipper|TSS|2001-06-19 15:12:03-0700|<EF0HDFL4V3AHPO1WN1FLUMEQZ5QV1ZCSB@zlsvr22>|Enron License Agreement .DOC
andy_zipper|TSS|2001-06-19 15:12:03-0700|<EF0HDFL4V3AHPO1WN1FLUMEQZ5QV1ZCSB@zlsvr22>|Redline.rtf
andy_zipper|Tradecounts|2000-11-28 16:59:00-0800|<OCM3TRIQ4NSFJC2KVLR4JKZL4Z2FBFCNB@zlsvr22>|Nov-28-00.xls
andy_zipper|charges|2001-01-19 21:22:00-0800|<NJ2UTMDKMYFOVJ2KE1RTJ0OYUDRJYPPOA@zlsvr22>|temp2.xls
andy_zipper|charges|2001-01-19 22:05:00-0800|<JYK4JM3AMPVU2BVDU2B1RJFPNM3IMSCFB@zlsvr22>|test1.xls
andy_zipper|charges|2001-01-24 23:49:00-0800|<B531VHAY3DCSJAZOEB1H0OEKV1YXGYEUB@zlsvr22>|charge schedule.doc
andy_zipper|charges|2001-01-25 02:13:00-0800|<DLLBTN5MBKBQ4KTBXUF4J1RBVGJEXXWJB@zlsvr22>|charge schedule.doc
andy_zipper|charges|2001-01-25 05:59:00-0800|<DZIUAURQS2NPQYNLMCOGVB45NSYIQHM3A@zlsvr22>|#1.dat
andy_zipper|charges|2001-01-25 05:59:00-0800|<DZIUAURQS2NPQYNLMCOGVB45NSYIQHM3A@zlsvr22>|#2.dat
andy_zipper|charges|2001-01-25 05:59:00-0800|<GZTMMAK2WSIZY1LDKMQJ2PDWOTDNJS3BB@zlsvr22>|#1.dat
andy_zipper|charges|2001-01-25 05:59:00-0800|<GZTMMAK2WSIZY1LDKMQJ2PDWOTDNJS3BB@zlsvr22>|#2.dat
andy_zipper|charges|2001-01-25 05:59:00-0800|<LRCQ250HRPCU1YKYQWJ102UVLUJH12DUA@zlsvr22>|#1.dat
andy_zipper|charges|2001-01-25 05:59:00-0800|<LRCQ250HRPCU1YKYQWJ102UVLUJH12DUA@zlsvr22>|#2.dat
andy_zipper|charges|2001-01-27 00:51:00-0800|<ERGGLJFLYWW1LLVHMMFIB45YJHW5CKBKB@zlsvr22>|charge schedule.doc
andy_zipper|charges|2001-02-22 14:22:47-0800|<I0JQWXEQJBWVGY1JJOZXFJKHNOLR4D4YB@zlsvr22>|temp1.ppt
andy_zipper|charges|2001-02-22 21:18:07-0800|<H50CJYAUZXGTMUVSUR1RPUGBQIQFPU4XA@zlsvr22>|Brazil Invoice.xls
andy_zipper|charges|2001-02-23 00:19:53-0800|<GRRZQLEO3W21TUIJVISSB4E5XXWSAN1PA@zlsvr22>|Cost Allocation 02-21-01.xls
andy_zipper|charges|2001-04-18 14:35:30-0700|<CF0UFLWRFK2LLULBOF4QCVVYQ2DIQWDTB@zlsvr22>|Brokerage fees based on Volumes yr 2000_4-16-011.xls
andy_zipper|kiodex|2001-01-31 02:41:00-0800|<MVBBKMRJV4SHQBYJRJUU2PJBDALRU3WZB@zlsvr22>|Kiodex - EOL Meeting Agenda 01-Feb-01.doc
andy_zipper|kiodex|2001-02-01 11:05:00-0800|<N032ZWVXB1AA1XQLW5NVIICIQCBJSG1NA@zlsvr22>|Kiodex - EOL Meeting Agenda 01-Feb-01.doc
andy_zipper|kiodex|2001-02-01 15:34:00-0800|<HNNTUK4KVU31J1RB0OEUQS0CSCV2OZ0WA@zlsvr22>|CoMarketing_NEW.doc
andy_zipper|kiodex|2001-02-06 01:59:00-0800|<ELDNR1EF2HJA2QDYN4A3HAID55O0CS32A@zlsvr22>|SPA  .DOC
andy_zipper|kiodex|2001-02-06 01:59:00-0800|<ELDNR1EF2HJA2QDYN4A3HAID55O0CS32A@zlsvr22>|Stockholders Agr  .DOC
andy_zipper|kiodex|2001-02-06 02:55:00-0800|<PQZJNVIO3RMLLJHDO120YJ3OZPDZLNF4A@zlsvr22>|CoMarketing_2-5-01.doc
andy_zipper|kiodex|2001-02-07 00:27:00-0800|<KBDX5CJVZW1PH3A3KHYTYN1HVRF3JTF2B@zlsvr22>|CoMarketing_2-6-01.doc
andy_zipper|kiodex|2001-02-16 01:10:12-0800|<A0URFJ5VMHQ10L2VVKLNXYQ0JPGA5JWOB@zlsvr22>|Feb 16 CoMarketing Agreement [by V&E].DOC
andy_zipper|kiodex|2001-02-20 23:30:42-0800|<M4I32YDZQ0AW4PLYUG0P5I0STCJ5KI2AB@zlsvr22>|compared v1 to v4 Warrant to Acquire Common Shares 2-16.DOC
andy_zipper|kiodex|2001-02-20 23:30:42-0800|<M4I32YDZQ0AW4PLYUG0P5I0STCJ5KI2AB@zlsvr22>|compared v3 to v5 Stockholders Agreement 2-16.DOC
andy_zipper|kiodex|2001-02-20 23:30:42-0800|<M4I32YDZQ0AW4PLYUG0P5I0STCJ5KI2AB@zlsvr22>|compared v4 Common Stock Purchase Agreement.DOC
andy_zipper|kiodex|2001-02-20 23:30:42-0800|<M4I32YDZQ0AW4PLYUG0P5I0STCJ5KI2AB@zlsvr22>|v4 Common Stock Purchase Agreement.DOC
andy_zipper|kiodex|2001-02-20 23:30:42-0800|<M4I32YDZQ0AW4PLYUG0P5I0STCJ5KI2AB@zlsvr22>|v4 Warrant to Acquire Common Shares 2-16.DOC
andy_zipper|kiodex|2001-02-20 23:30:42-0800|<M4I32YDZQ0AW4PLYUG0P5I0STCJ5KI2AB@zlsvr22>|v5 Stockholders Agreement 2-16.DOC
andy_zipper|kiodex|2001-02-21 23:35:04-0800|<OND2NLYSVO21BIKM0ETRKHDMSCMMODG3B@zlsvr22>|Co_mktgRedline.rtf
andy_zipper|kiodex|2001-02-21 23:35:04-0800|<OND2NLYSVO21BIKM0ETRKHDMSCMMODG3B@zlsvr22>|Feb 20 CoMarketing Agreement.DOC
andy_zipper|kiodex|2001-02-21 23:51:38-0800|<H4D0D4P0WVIMOT4XW22PJR3RQZTALQL3B@zlsvr22>|v4 Common Stock Purchase Agreement.DOC
andy_zipper|kiodex|2001-02-22 01:22:42-0800|<AOP2F1OOMMWHFWBXDSDVM3ED4YROPYJYA@zlsvr22>|compared v4 Common Stock Purchase Agreement 2-21.DOC
andy_zipper|kiodex|2001-02-22 01:22:42-0800|<AOP2F1OOMMWHFWBXDSDVM3ED4YROPYJYA@zlsvr22>|compared v4 Warrant to Acquire Common Shares 2-21.DOC
andy_zipper|kiodex|2001-02-22 01:22:42-0800|<AOP2F1OOMMWHFWBXDSDVM3ED4YROPYJYA@zlsvr22>|compared v5 Stockholders Agreement 2-21.DOC
andy_zipper|kiodex|2001-02-22 01:22:42-0800|<AOP2F1OOMMWHFWBXDSDVM3ED4YROPYJYA@zlsvr22>|v4 Common Stock Purchase Agreement.DOC
andy_zipper|kiodex|2001-02-22 01:22:42-0800|<AOP2F1OOMMWHFWBXDSDVM3ED4YROPYJYA@zlsvr22>|v4 Warrant to Acquire Common Shares 2-16.DOC
andy_zipper|kiodex|2001-02-22 01:22:42-0800|<AOP2F1OOMMWHFWBXDSDVM3ED4YROPYJYA@zlsvr22>|v5 Stockholders Agreement 2-16.DOC
andy_zipper|kiodex|2001-02-22 20:38:21-0800|<DOQRCFPTGNTLQXKP4FPT5RN1F2FWF1TRB@zlsvr22>|KDX1.doc
andy_zipper|kiodex|2001-02-23 22:29:42-0800|<GSEOBK5EZ1D2A4JYDKKDIHFLMUXLLHHVA@zlsvr22>|DVComparison_Houston_459043_3-Houston_459043_4.DOC
andy_zipper|kiodex|2001-02-23 22:29:42-0800|<GSEOBK5EZ1D2A4JYDKKDIHFLMUXLLHHVA@zlsvr22>|Feb 22 CoMarketing Agreement.DOC
andy_zipper|kiodex|2001-02-23 22:29:42-0800|<GSEOBK5EZ1D2A4JYDKKDIHFLMUXLLHHVA@zlsvr22>|KDX.doc
andy_zipper|kiodex|2001-02-23 22:29:42-0800|<GSEOBK5EZ1D2A4JYDKKDIHFLMUXLLHHVA@zlsvr22>|compared 2-22 v5 Stockholders Agreement.DOC
andy_zipper|kiodex|2001-02-23 22:29:42-0800|<GSEOBK5EZ1D2A4JYDKKDIHFLMUXLLHHVA@zlsvr22>|compared v4 2-22 Warrant to Acquire Common Shares.DOC
andy_zipper|kiodex|2001-02-23 22:29:42-0800|<GSEOBK5EZ1D2A4JYDKKDIHFLMUXLLHHVA@zlsvr22>|v4 Common Stock Purchase Agreement.DOC
andy_zipper|kiodex|2001-02-23 22:29:42-0800|<GSEOBK5EZ1D2A4JYDKKDIHFLMUXLLHHVA@zlsvr22>|v4 Warrant to Acquire Common Shares 2-16.DOC
andy_zipper|kiodex|2001-02-23 22:29:42-0800|<GSEOBK5EZ1D2A4JYDKKDIHFLMUXLLHHVA@zlsvr22>|v5 Stockholders Agreement 2-16.DOC
andy_zipper|kiodex|2001-02-26 13:59:19-0800|<HBZ0ZRFMFNTLUHA5S1F4BZASZ4PNTAHFB@zlsvr22>|333061.doc
andy_zipper|kiodex|2001-02-27 15:40:00-0800|<CAB0JCKWVOBI341QNRPQFKZZ0H3NBFHCA@zlsvr22>|#1.dat
andy_zipper|kiodex|2001-02-27 15:40:00-0800|<CAB0JCKWVOBI341QNRPQFKZZ0H3NBFHCA@zlsvr22>|#2.dat
andy_zipper|kiodex|2001-02-27 15:40:00-0800|<J21KH4Q0MM2MZTBAZ4J4PKJDH2MFLOS0B@zlsvr22>|#1.dat
andy_zipper|kiodex|2001-02-27 15:40:00-0800|<J21KH4Q0MM2MZTBAZ4J4PKJDH2MFLOS0B@zlsvr22>|#2.dat
andy_zipper|kiodex|2001-03-06 17:44:29-0800|<LB0Z235YYB1RJLQQ1VIHSON41CCXO05XB@zlsvr22>|COMPARERITEREPORT-NY-320663.DOC
andy_zipper|kiodex|2001-03-06 17:44:29-0800|<LB0Z235YYB1RJLQQ1VIHSON41CCXO05XB@zlsvr22>|COMPARERITEREPORT-NY-329408.DOC
andy_zipper|kiodex|2001-03-06 17:44:29-0800|<LB0Z235YYB1RJLQQ1VIHSON41CCXO05XB@zlsvr22>|COMPARERITEREPORT-NY-333212.DOC
andy_zipper|kiodex|2001-03-06 17:44:29-0800|<LB0Z235YYB1RJLQQ1VIHSON41CCXO05XB@zlsvr22>|COMPARERITEREPORT-NY-336825.DOC
andy_zipper|kiodex|2001-03-12 10:22:49-0800|<FEWZWR2IXVV0CW1PYABHIZT14JH55DXIB@zlsvr22>|474343_4.DOC
andy_zipper|kiodex|2001-03-12 10:22:49-0800|<FEWZWR2IXVV0CW1PYABHIZT14JH55DXIB@zlsvr22>|Redline.rtf
andy_zipper|kiodex|2001-03-12 16:54:10-0800|<PWXV3S3YY3CZ0BXJUC5PMBZNZOBVJFL4B@zlsvr22>|March 12 CoMarketing Agreement.DOC
andy_zipper|kiodex|2001-03-12 16:54:10-0800|<PWXV3S3YY3CZ0BXJUC5PMBZNZOBVJFL4B@zlsvr22>|Redline vs Feb 22 draft.rtf
andy_zipper|kiodex|2001-03-12 16:54:10-0800|<PWXV3S3YY3CZ0BXJUC5PMBZNZOBVJFL4B@zlsvr22>|Redline vs March 6 Kiodex draft.rtf
andy_zipper|kiodex|2001-03-14 08:14:54-0800|<PLXAYLNJN4EIPMJNYWTQNWUU35IBZXJBB@zlsvr22>|COMPARERITEREPORT-NY-320663.DOC
andy_zipper|kiodex|2001-03-14 08:14:54-0800|<PLXAYLNJN4EIPMJNYWTQNWUU35IBZXJBB@zlsvr22>|COMPARERITEREPORT-NY-329408.DOC
andy_zipper|kiodex|2001-03-14 08:14:54-0800|<PLXAYLNJN4EIPMJNYWTQNWUU35IBZXJBB@zlsvr22>|COMPARERITEREPORT-NY-333061.DOC
andy_zipper|kiodex|2001-03-14 08:14:54-0800|<PLXAYLNJN4EIPMJNYWTQNWUU35IBZXJBB@zlsvr22>|COMPARERITEREPORT-NY-333212.DOC
andy_zipper|kiodex|2001-03-15 09:17:23-0800|<OCUGF1S22O3EGSMVL32A4DIE0W2ACJQQB@zlsvr22>|March 14 CoMarketing Agreement.DOC
andy_zipper|kiodex|2001-03-15 09:17:23-0800|<OCUGF1S22O3EGSMVL32A4DIE0W2ACJQQB@zlsvr22>|Redline.rtf
andy_zipper|kiodex|2001-03-23 08:08:40-0800|<PDGZLZYIMJL0MV5QFKHI5TM4IXJUKST3A@zlsvr22>|Michael Telle .vcf
andy_zipper|kiodex|2001-03-23 08:08:40-0800|<PDGZLZYIMJL0MV5QFKHI5TM4IXJUKST3A@zlsvr22>|RRA.TIF
andy_zipper|kiodex|2001-03-23 08:08:40-0800|<PDGZLZYIMJL0MV5QFKHI5TM4IXJUKST3A@zlsvr22>|SA.TIF
andy_zipper|origination|2001-05-21 17:11:30-0700|<D0GM3XUOKSWFYRMJ31NWN3MVMNLJI2L2A@zlsvr22>|EOL Prospects2.xls
andy_zipper|origination|2001-05-22 10:42:19-0700|<PRFJJOH1Q1SPDK52IKAJRNQLTI5U2OBBB@zlsvr22>|NGLPlayers.xls
andy_zipper|origination|2001-05-23 09:16:24-0700|<BBFCZOYFEQBHQSXXKQELZB3LE5LPSHM5A@zlsvr22>|5-01.ppt
andy_zipper|origination|2001-05-23 09:16:24-0700|<BBFCZOYFEQBHQSXXKQELZB3LE5LPSHM5A@zlsvr22>|Enron tools for Cargill.dat
andy_zipper|origination|2001-05-23 09:16:24-0700|<GADC5RHFOSIPZNEBI0EBHG2X2Q1JDFU5A@zlsvr22>|5-01.ppt
andy_zipper|origination|2001-05-23 09:16:24-0700|<GADC5RHFOSIPZNEBI0EBHG2X2Q1JDFU5A@zlsvr22>|Enron tools for Cargill.dat
andy_zipper|origination|2001-05-23 09:16:24-0700|<LPGMXHYICIH1QMD5NJILGAN5CTM5M4X2B@zlsvr22>|5-01.ppt
andy_zipper|origination|2001-05-23 09:16:24-0700|<LPGMXHYICIH1QMD5NJILGAN5CTM5M4X2B@zlsvr22>|Enron tools for Cargill.dat
andy_zipper|origination|2001-05-23 13:48:01-0700|<NBDBECXP245HXZ2VWMIOUBYUWSUMJTOWA@zlsvr22>|Team Prospect List.xls
andy_zipper|origination|2001-05-30 12:10:58-0700|<OTDAEHPKH4ZCUOGJ1XU03IAUJKDBJWQYB@zlsvr22>|Sales Funnel2.xls
andy_zipper|origination|2001-05-31 08:31:55-0700|<CLVI0OOLHZNPIXX35AH51ZYEETACG3SSB@zlsvr22>|Sales Funnel2.xls
andy_zipper|origination|2001-05-31 16:42:33-0700|<MYAYCKZE0BFEPGL2NCFOBEYFN0LNBUBSA@zlsvr22>|Haney Prospects -- 5-01.xls
andy_zipper|origination|2001-06-01 09:05:41-0700|<NV4RLUFXTTYNZ5WGV415032HVBZCFRPNB@zlsvr22>|Allario Prospects -- 6-01.xls
andy_zipper|tradecounts|2001-02-27 14:20:06-0800|<JAKI3GRMEHKAKVIVBQUEV3CX1OCHPGR2B@zlsvr22>|#1.dat
andy_zipper|tradecounts|2001-02-27 14:20:06-0800|<NQ0HLUOJSLPZCCNZMXNFLZO2NLCYLZMIB@zlsvr22>|#1.dat
andy_zipper|tradecounts|2001-02-27 14:27:42-0800|<BMHDIVNVBGULCW0ELXAZHXWVVHR4GDPAA@zlsvr22>|#1.dat
andy_zipper|tradecounts|2001-02-27 14:27:42-0800|<PSHKZSZ1V1SQ534LNDZXGNW11ITOLE4ZA@zlsvr22>|#1.dat
andy_zipper|tradecounts|2001-03-12 18:44:36-0800|<ATU4P2POH2YX3B5MYUDFSHEIANCJ5B3PA@zlsvr22>|~~DLNK0.URL
andy_zipper|tradecounts|2001-03-12 18:44:36-0800|<ATU4P2POH2YX3B5MYUDFSHEIANCJ5B3PA@zlsvr22>|~~DLNK1.URL
andy_zipper|tradecounts|2001-03-12 18:44:36-0800|<ATU4P2POH2YX3B5MYUDFSHEIANCJ5B3PA@zlsvr22>|~~DLNK2.URL
andy_zipper|tradecounts|2001-03-12 18:44:36-0800|<ATU4P2POH2YX3B5MYUDFSHEIANCJ5B3PA@zlsvr22>|~~DLNK3.URL
andy_zipper|tradecounts|2001-06-06 17:00:08-0700|<EDMF2GG1WKUDC0FKY2VQQGFWZNPXMR11A@zlsvr22>|#1.dat
andy_zipper|tradecounts|2001-06-06 17:00:08-0700|<EV2IQ5M1SZC1SV0UBGHH4P3TVK1VBZLTA@zlsvr22>|xls.dat
andy_zipper|tradecounts|2001-06-07 17:13:41-0700|<JVL2N5IFYX0BCNKPLQCAIFT4I4TABSWAA@zlsvr22>|xls.dat
andy_zipper|tradecounts|2001-06-07 17:13:41-0700|<NRKX4QFYLDRQJQUOW1SDOTON1TES0EZVB@zlsvr22>|#1.dat
anonymous|noname|2001-05-01 23:58:00-0700|<IELGVV5D0X4TKC1AETC4H4OG0QT5LJFDA@zlsvr22>|MAMMO.jpg
anonymous|noname|2001-05-02 00:02:00-0700|<PYLK1YBHFMXLFN2555ZBXC025ZXGVSEKA@zlsvr22>|MAMMO.jpg
anonymous|noname|2001-05-02 00:40:00-0700|<E5VXLBIL30TJWZ54BEP1XSBNUF2KOQKMA@zlsvr22>|~~DLNK0.URL
anonymous|noname|2001-05-02 00:40:00-0700|<HZIBN4ROC3XLYTB2USEK33PJFKGFG4O2A@zlsvr22>|~~DLNK0.URL
anonymous|noname|2001-05-02 00:40:00-0700|<PNMRNGOP2W3LPRLPS2KF5RFJFLFDQ4B5A@zlsvr22>|~~DLNK0.URL
anonymous|noname|2001-05-17 01:15:00-0700|<IYVCQJG1BVHG3JBIHX53SZELUOWQUM3UA@zlsvr22>|branded_1.mpeg
anonymous|noname|2001-05-17 01:15:00-0700|<L3SDX502MJ0LQAZV4YZKAUGRPCV0EYHNB@zlsvr22>|branded_1.mpeg
anonymous|noname|2001-05-17 01:15:00-0700|<OQHOCIY5F3MQ00XKZ2UYRSEHHJTMB1CJB@zlsvr22>|branded_1.mpeg
