A|AGILENT TECHNOLOGIES IN
AA|ALCOA INC
AAN|AARONS INC
AAP|ADVANCE AUTO PARTS INC
AAPL|APPLE INC
ABBV|ABBVIE INC
ABC|AMERISOURCEBERGEN CORP
ABT|ABBOTT LABORATORIES
ACAS|AMERICAN CAPITAL LTD
ACC|AMERICAN CAMPUS COMMUN
ACE|ACE LTD
ACGL|ARCH CAP GROUP LTD
ACM|AECOM TECHNOLOGY CORP D
ACN|ACCENTURE PLC IRELAND
ACT|ACTAVIS INC
ADBE|ADOBE SYSTEMS INC
ADI|ANALOG DEVICES INC
ADM|ARCHER DANIELS MIDLAND
ADP|AUTOMATIC DATA PROCESS
ADS|ALLIANCE DATA SYSTEMS
ADSK|AUTODESK INC
ADT|ADT CORPORATION
AEE|AMEREN CORP
AEO|AMERICAN EAGLE OUTFITTE
AEP|AMERICAN ELECTRIC POWER
AES|AES CORP
AET|AETNA INC
AFG|AMERICAN FINANCIAL GROU
AFL|AFLAC INC
AGCO|AGCO CORP
AGN|ALLERGAN INC
AGNC|AMERICAN CAPITAL AGENCY
AGO|ASSURED GUARANTY LTD
AHL|ASPEN INSURANCE HOLDING
AIG|AMERICAN INTL GROUP
AIV|APARTMENT INVT & MGMT
AIZ|ASSURANT INC
AJG|GALLAGHER ARTHUR J & CO
AKAM|AKAMAI TECHNOLOGIES
AL|AIR LEASE CORP
ALB|ALBEMARLE CORP
ALK|ALASKA AIR GROUP INC
ALKS|ALKERMES PLC
ALL|ALLSTATE CORP
ALR|ALERE INC
ALSN|ALLISON TRANSMISSION
ALTR|ALTERA CORP
ALXN|ALEXION PHARMACEUTICALS
AMAT|APPLIED MATLS INC
AMCX|AMC NETWORKS INC
AMD|ADVANCED MICRO DEVICES
AME|AMETEK INC
AMG|AFFILIATED MANAGERS GRP
AMGN|AMGEN INC
AMP|AMERIPRISE FINANCIAL IN
AMT|AMERICAN TOWER CORP
AMTD|TD AMERITRADE HOLDING
AMZN|AMAZON COM INC
AN|AUTONATION INC
ANAT|AMERICAN NATIONAL INS C
ANF|ABERCROMBIE & FITCH
ANSS|ANSYS INC
AOL|AOL INC
AON|AON PLC
AOS|SMITH A O CORP
APA|APACHE CORP
APAM|ARTISAN PARTNERS ASSET
APC|ANADARKO PETROLEUM CORP
APD|AIR PRODS & CHEMS INC
APH|AMPHENOL CORP
APOL|APOLLO GROUP INC
ARCC|ARES CAP CORP
ARE|ALEXANDRIA REAL ESTATE
ARG|AIRGAS INC
ARIA|ARIAD PHARMACEUTICALS
ARW|ARROW ELECTRONICS INC
ASBC|ASSOCIATED BANC CORP
ASH|ASHLAND INC
ASNA|ASCENA RETAIL GROUP INC
ATI|ALLEGHENY TECHNOLOGIES
ATK|ALLIANT TECHSYSTEMS
ATML|ATMEL CORP
ATO|ATMOS ENERGY CORP
ATR|APTARGROUP INC
ATVI|ACTIVISION BLIZZARD INC
ATW|ATWOOD OCEANICS INC
AVB|AVALONBAY CMNTYS INC
AVGO|AVAGO TECHNOLOGIES LTD
AVP|AVON PRODUCTS INC
AVT|AVNET INC
AVX|AVX CORP
AVY|AVERY DENNISON CORP
AWAY|HOMEAWAY INC
AWH|ALLIED WRLD ASSUR COM
AWI|ARMSTRONG WORLD INDS IN
AWK|AMERICAN WTR WKS CO INC
AXP|AMERICAN EXPRESS CO
AXS|AXIS CAPITAL HOLDINGS
AZO|AUTOZONE INC
BA|BOEING CO
BAC|BANK OF AMERICA CORP
BAH|BOOZ ALLEN HAMILTON HLD
BAX|BAXTER INTERNATIONAL IN
BBBY|BED BATH & BEYOND INC
BBT|BB&T CORP
BBY|BEST BUY INC
BCR|BARD C R INC
BDN|BRANDYWINE REALTY TRUST
BDX|BECTON DICKINSON & CO
BEAM|BEAM INC
BEAV|BE AEROSPACE INC
BEN|FRANKLIN RESOURCES INC
BF.B|BROWN FORMAN CORP
BG|BUNGE LIMITED
BHI|BAKER HUGHES INC
BIG|BIG LOTS INC
BIIB|BIOGEN IDEC INC
BIO|BIO-RAD LABORATORIES IN
BK|BANK OF NEW YORK MELLON
BKD|BROOKDALE SENIOR LIVING
BKU|BANKUNITED INC
BKW|BURGER KING WORLDWIDE
BLK|BLACKROCK INC
BLL|BALL CORP
BMC|BMC SOFTWARE INC
BMR|BIOMED REALTY TRUST INC
BMRN|BIOMARIN PHARMACEUTICAL
BMS|BEMIS INC
BMY|BRISTOL MYERS SQUIBB
BOH|BANK OF HAWAII CORP
BOKF|BOK FINANCIAL CORP
BPOP|POPULAR INC
BR|BROADRIDGE FINANCIAL IN
BRCD|BROCADE COMMUNICATIONS
BRCM|BROADCOM CORP
BRE|BRE PROPERTIES INC
BRK.B|BERKSHIRE HATHAWAY INC
BRKR|BRUKER CORP
BRO|BROWN & BROWN INC
BSX|BOSTON SCIENTIFIC CO
BTU|PEABODY ENERGY CORP
BWA|BORG WARNER INC
BWC|BABCOCK & WILCOX COMPAN
BXP|BOSTON PROPERTIES INC
BYI|BALLY TECHNOLOGIES INC
C|CITIGROUP INC
CA|CA INC
CAB|CABELAS INC
CAG|CONAGRA FOODS INC
CAH|CARDINAL HEALTH INC
CAM|CAMERON INTL CORP
CAR|AVIS BUDGET GROUP INC
CAT|CATERPILLAR INC
CB|CHUBB CORP
CBG|CBRE GROUP INC
CBI|CHICAGO BRIDGE & IRON
CBL|CBL & ASSOC PPTYS INC
CBOE|CBOE HLDGS INC
CBS|CBS CORPORATION
CBSH|COMMERCE BANCSHARES INC
CBST|CUBIST PHARMACEUTICALS
CBT|CABOT CORP
CCE|COCA COLA ENTERPRISE
CCI|CROWN CASTLE INTL CORP
CCK|CROWN HOLDINGS INC
CCL|CARNIVAL CORP
CCO|CLEAR CHANNEL OUTDOOR
CDNS|CADENCE DESIGN SYSTEMS
CE|CELANESE CORP
CELG|CELGENE CORP
CERN|CERNER CORP
CF|CF INDUSTRIES HOLDINGS
CFN|CAREFUSION CORP
CFR|CULLEN FROST BANKERS
CFX|COLFAX CORP
CHD|CHURCH & DWIGHT INC
CHH|CHOICE HOTELS INTL INC
CHK|CHESAPEAKE ENERGY CORP
CHRW|C H ROBINSON WORLDWIDE
CHS|CHICOS FAS INC
CHTR|CHARTER COMM INC
CI|CIGNA CORP
CIE|COBALT INTL ENERGY
CIM|CHIMERA INVESTMENT CORP
CINF|CINCINNATI FINANCIAL
CIT|CIT GROUP INC
CL|COLGATE PALMOLIVE CO
CLF|CLIFFS NATURAL RESOURCE
CLGX|CORELOGIC INC
CLH|CLEAN HARBORS INC
CLI|MACK CALI REALTY CORP
CLR|CONTINENTAL RESOURCES I
CLWR|CLEARWIRE CORP
CLX|CLOROX CO
CMA|COMERICA INC
CMCSA|COMCAST CORP
CME|CME GROUP INC
CMG|CHIPOTLE MEXICAN GRILL
CMI|CUMMINS INC
CMP|COMPASS MINERALS INTL
CMS|CMS ENERGY CORP
CNA|CNA FINANCIAL CORP
CNH|CNH GLOBAL N V
CNK|CINEMARK HOLDINGS INC
CNP|CENTERPOINT ENERGY INC
CNQR|CONCUR TECHNOLOGIES INC
CNW|CON-WAY INC
CNX|CONSOL ENERGY INC
COF|CAPITAL ONE FINANCIAL
COG|CABOT OIL & GAS CORP
COH|COACH INC
COL|ROCKWELL COLLINS INC
COO|COOPER COMPANIES INC
COP|CONOCOPHILLIPS
COST|COSTCO WHOLESALE CORP
COV|COVIDIEN PLC
CPA|COPA HOLDINGS SA
CPB|CAMPBELL SOUP CO
CPN|CALPINE CORP
CPRT|COPART INC
CPT|CAMDEN PROPERTY TRUST
CPWR|COMPUWARE CORP
CR|CRANE CO
CREE|CREE INC
CRI|CARTER INC
CRL|CHARLES RIVER LABS INTL
CRM|SALESFORCE COM INC
CRS|CARPENTER TECHNOLOGY
CSC|COMPUTER SCIENCES CORP
CSCO|CISCO SYSTEMS INC
CSE|CAPITALSOURCE INC
CSL|CARLISLE COS INC
CST|CST BRANDS INC
CSX|CSX CORP
CTAS|CINTAS CORP
CTL|CENTURYLINK INC
CTRX|CATAMARAN CORPORATION
CTSH|COGNIZANT TECH SOLUTION
CTXS|CITRIX SYSTEMS INC
CVA|COVANTA HOLDING CORP
CVC|CABLEVISION SYSTEMS COR
CVD|COVANCE INC
CVI|CVR ENERGY INC
CVS|CVS/CAREMARK CORP
CVX|CHEVRON CORP
CWH|COMMONWEALTH REIT
CXO|CONCHO RESOURCES INC
CXW|CORRECTIONS CORP OF AME
CYH|COMMUNITY HEALTH SYSTEM
CYN|CITY NATIONAL CORP
CYT|CYTEC INDUSTRIES INC
D|DOMINION RESOURCES INC
DAL|DELTA AIR LINES INC DEL
DATA|TABLEAU SOFTWARE INC
DBD|DIEBOLD INC
DCI|DONALDSON INC
DD|DU PONT E I DE NEMOURS
DDD|3D SYSTEMS CORP
DDR|DDR CORP
DDS|DILLARDS INC
DE|DEERE & CO
DECK|DECKERS OUTDOOR CORP
DEI|DOUGLAS EMMETT INC
DELL|DELL INC
DF|DEAN FOODS COMPANY
DFS|DISCOVER FINANCIAL SRVC
DG|DOLLAR GENERAL CORP
DGX|QUEST DIAGNOSTICS INC
DHI|D R HORTON INC
DHR|DANAHER CORP
DIS|DISNEY WALT CO
DISCA|DISCOVERY COMMUNICATNS
DISH|DISH NETWORK CORP
DKS|DICKS SPORTING GOODS IN
DLB|DOLBY LABORATORIES INC
DLPH|DELPHI AUTOMOTIVE PLC
DLR|DIGITAL REALTY TRUST IN
DLTR|DOLLAR TREE INC
DNB|DUN & BRADSTREET CORP
DNKN|DUNKIN BRANDS GROUP INC
DNR|DENBURY RESOURCES INC
DO|DIAMOND OFFSHR DRILLING
DOV|DOVER CORP
DOW|DOW CHEMICAL CO
DOX|AMDOCS LTD
DPS|DR PEPPER SNAPPLE GROUP
DPZ|DOMINOS PIZZA INC
DRC|DRESSER-RAND GROUP INC
DRE|DUKE REALTY CORP
DRI|DARDEN RESTAURANTS INC
DRQ|DRIL-QUIP INC
DST|DST SYSTEMS INC
DSW|DSW INC
DTE|DTE ENERGY CO
DTV|DIRECTV
DUK|DUKE ENERGY CORP
DV|DEVRY INC
DVA|DAVITA HEALTHCARE PTNRS
DVN|DEVON ENERGY CORP
DWA|DREAMWORKS ANIMATION SK
EA|ELECTRONIC ARTS INC
EAT|BRINKER INTERNATIONAL
EBAY|EBAY INC
ECL|ECOLAB INC
ED|CONSOLIDATED EDISON INC
EFX|EQUIFAX INC
EGN|ENERGEN CORP
EIX|EDISON INTERNATIONAL
EL|ESTEE LAUDER COMPANIES
ELS|EQUITY LIFESTYLE PROP
EMC|E M C CORP
EMN|EASTMAN CHEMICAL CO
EMR|EMERSON ELECTRIC CO
ENDP|ENDO HEALTH SOLUTIONS
ENH|ENDURANCE SPECIALTY HLD
ENR|ENERGIZER HOLDINGS INC
EOG|EOG RESOURCES INC
EQIX|EQUINIX INC
EQR|EQUITY RESIDENTIAL
EQT|EQT CORPORATION
ERIE|ERIE INDEMNITY CO
ESRX|EXPRESS SCRIPTS HOLD CO
ESS|ESSEX PROPERTY TRUST IN
ETFC|E TRADE FINANCIAL CORP
ETN|EATON CORP PLC
ETR|ENTERGY CORP
EV|EATON VANCE CORP
EW|EDWARDS LIFESCIENCES
EWBC|EAST WEST BANCORP INC
EXC|EXELON CORP
EXP|EAGLE MATERIALS INC
EXPD|EXPEDITORS INTL OF WASH
EXPE|EXPEDIA INC
EXR|EXTRA SPACE STORAGE INC
F|FORD MOTOR CO
FAST|FASTENAL CO
FB|FACEBOOK INC
FBHS|FORTUNE BRDS HOME & SEC
FCE.A|FOREST CITY ENTRPRS
FCNCA|FIRST CITIZENS BANCSHRS
FCS|FAIRCHILD SEMICONDUCTOR
FCX|FREEPORT-MCMORAN C&G
FDO|FAMILY DOLLAR STORES
FDS|FACTSET RESEARCH SYSTEM
FDX|FEDEX CORP
FE|FIRSTENERGY CORP
FFIV|F5 NETWORKS INC
FHN|FIRST HORIZON NATL CORP
FII|FEDERATED INVESTORS INC
FIS|FIDELITY NATL INFO SVCS
FISV|FISERV INC
FITB|FIFTH THIRD BANCORP
FL|FOOT LOCKER INC
FLIR|FLIR SYSTEMS INC
FLO|FLOWERS FOODS INC
FLR|FLUOR CORP
FLS|FLOWSERVE CORP
FLT|FLEETCOR TECHNOLOGIES
FMC|FMC CORP
FNF|FIDELITY NATIONAL FINL
FNFG|FIRST NIAGARA FINL GRP
FOSL|FOSSIL GROUP INC
FRC|FIRST REP BK SAN FRAN
FRT|FEDERAL REALTY INVT
FRX|FOREST LABS INC
FSL|FREESCALE SEMICONDUCTOR
FSLR|FIRST SOLAR INC
FTI|FMC TECHNOLOGIES INC
FTNT|FORTINET INC
FTR|FRONTIER COMMUNICATIONS
FULT|FULTON FINANCIAL CORP
G|GENPACT LTD
GAS|AGL RESOURCES INC
GCI|GANNETT INC
GD|GENERAL DYNAMICS CORP
GDI|GARDNER DENVER INC
GE|GENERAL ELECTRIC CO
GEF|GREIF INC
GES|GUESS INC
GGG|GRACO INC
GGP|GENERAL GROWTH PPTYS IN
GILD|GILEAD SCIENCES INC
GIS|GENERAL MILLS INC
GLNG|GOLAR LNG LTD BERMUDA
GLW|CORNING INC
GM|GENERAL MTRS CO
GMCR|GREEN MTN COFFEE ROASTE
GME|GAMESTOP CORP
GMT|GATX CORP
GNC|GNC HLDGS INC
GNTX|GENTEX CORP
GNW|GENWORTH FINANCIAL INC
GOOG|GOOGLE INC
GPC|GENUINE PARTS CO
GPN|GLOBAL PAYMENTS INC
GPOR|GULFPORT ENERGY CORP
GPS|GAP INC
GRA|GRACE W R & CO
GRMN|GARMIN LTD
GRPN|GROUPON INC
GS|GOLDMAN SACHS GROUP INC
GT|GOODYEAR TIRE & RUBBER
GWR|GENESEE & WYOMING INC
GWW|GRAINGER W W INC
GXP|GREAT PLAINS ENERGY INC
H|HYATT HOTELS CORP
HAL|HALLIBURTON CO
HAR|HARMAN INTERNATIONAL IN
HAS|HASBRO INC
HBAN|HUNTINGTON BANCSHARES
HBI|HANESBRAND INC
HCA|HCA HOLDINGS INC
HCBK|HUDSON CITY BANCORP
HCC|HCC INSURANCE HLDGS IN
HCN|HEALTH CARE REIT INC
HCP|HCP INC
HD|HOME DEPOT INC
HE|HAWAIIAN ELECTRIC INDS
HES|HESS CORP
HFC|HOLLYFRONTIER CORP
HHC|HOWARD HUGHES CORP
HIG|HARTFORD FINL SVCS GRP
HII|HUNTINGTON INGALLS IND
HLF|HERBALIFE LTD
HMA|HEALTH MGMT ASSOC INC
HME|HOME PROPERTIES INC
HNT|HEALTH NET INC
HOG|HARLEY DAVIDSON INC
HOLX|HOLOGIC INC
HON|HONEYWELL INTERNATIONAL
HOT|STARWOOD HOTELS & RESRT
HP|HELMERICH & PAYNE INC
HPQ|HEWLETT PACKARD CO
HPT|HOSPITALITY PPTYS TRUST
HRB|BLOCK H & R INC
HRC|HILL-ROM HOLDINGS INC
HRL|HORMEL FOODS CORP
HRS|HARRIS CORP
HSC|HARSCO CORP
HSH|THE HILLSHIRE BRANDS CO
HSIC|SCHEIN HENRY INC
HSP|HOSPIRA INC
HST|HOST HOTELS & RESORTS
HSY|HERSHEY COMPANY
HTA|HEALTHCARE TR AMER INC
HTS|HATTERAS FINL CORP
HTZ|HERTZ GLOBAL HOLDINGS
HUB.B|HUBBELL INC
HUM|HUMANA INC
HUN|HUNTSMAN CORP
HXL|HEXCEL CORP
I|INTELSAT S A
IACI|IAC INTERACTIVECORP
IBKR|INTERACTIVE BROKERS GRO
IBM|INTL BUSINESS MACHINES
ICE|INTERCONTINENTALEXCHANG
IDXX|IDEXX LABS INC
IEX|IDEX CORP
IFF|INTL FLAVORS & FRAGRANC
IGT|INTL GAME TECHNOLOGY
IHS|IHS INC
ILMN|ILLUMINA INC
IM|INGRAM MICRO INC
INCY|INCYTE CORP
INFA|INFORMATICA CORP
INGR|INGREDION INC
INT|WORLD FUEL SVCS CORP
INTC|INTEL CORP
INTU|INTUIT
IP|INTERNATIONAL PAPER CO
IPG|INTERPUBLIC GROUP OF CO
IPGP|IPG PHOTONICS CORP
IR|INGERSOLL-RAND PLC
IRM|IRON MOUNTAIN INC
ISRG|INTUITIVE SURGICAL INC
IT|GARTNER INC
ITC|ITC HOLDINGS CORP
ITT|ITT CORPORATION
ITW|ILLINOIS TOOL WORKS INC
IVZ|INVESCO LTD
JAH|JARDEN CORP
JAZZ|JAZZ PHARMACEUTICALS PL
JBHT|HUNT J B TRANS SVCS
JBL|JABIL CIRCUIT INC
JCI|JOHNSON CONTROLS INC
JCP|PENNEY J C INC
JDSU|JDS UNIPHASE CORP
JEC|JACOBS ENGINEERING GRP
JKHY|HENRY JACK & ASSOCIATES
JLL|JONES LANG LASALLE INC
JNJ|JOHNSON & JOHNSON
JNPR|JUNIPER NETWORKS INC
JOE|ST JOE CO
JOY|JOY GLOBAL INC
JPM|JPMORGAN CHASE & CO
JW.A|WILEY JOHN & SONS INC
JWN|NORDSTROM INC
K|KELLOGG CO
KAR|KAR AUCTION SERVICES IN
KBR|KBR INC
KEX|KIRBY CORP
KEY|KEYCORP
KIM|KIMCO REALTY CORP
KLAC|KLA-TENCOR CORP
KMB|KIMBERLY CLARK CORP
KMI|KINDER MORGAN INC DEL
KMPR|KEMPER CORPORATION
KMT|KENNAMETAL INC
KMX|CARMAX INC
KO|COCA COLA CO
KORS|MICHAEL KORS HLDGS LTD
KOS|KOSMOS ENERGY LTD
KR|KROGER CO
KRC|KILROY REALTY CORP
KRFT|KRAFT FOODS GROUP INC
KRO|KRONOS WORLDWIDE INC
KSS|KOHLS CORP
KSU|KANSAS CITY SOUTHERN
L|LOEWS CORP
LAMR|LAMAR ADVERTISING CO
LAZ|LAZARD LTD
LBTYA|LIBERTY GLOBAL PLC
LEA|LEAR CORP
LECO|LINCOLN ELECTRIC HLDGS
LEG|LEGGETT & PLATT INC
LEN|LENNAR CORP
LGF|LIONS GATE ENTMNT CORP
LH|LABORATORY CORP OF AMER
LIFE|LIFE TECHNOLOGIES CORP
LII|LENNOX INTERNATIONAL IN
LINTA|LIBERTY INTERACTIVE
LKQ|LKQ CORP
LLL|L-3 COMMUNICATIONS HLDG
LLTC|LINEAR TECHNOLOGY CO
LLY|LILLY ELI & CO
LM|LEGG MASON INC
LMCA|LIBERTY MEDIA CORP
LMT|LOCKHEED MARTIN CORP
LNC|LINCOLN NATIONAL CORP
LNG|CHENIERE ENERGY INC
LNKD|LINKEDIN CORP
LNT|ALLIANT ENERGY CORP
LO|LORILLARD INC
LOW|LOWES COS INC
LPI|LAREDO PET HLDGS INC
LPLA|LPL FINANCIAL HOLDINGS
LPNT|LIFEPOINT HOSPITALS
LPS|LENDER PROCESSING SVCS
LRCX|LAM RESEARCH CORP
LRY|LIBERTY PROPERTY TRUST
LSI|LSI CORPORATION
LSTR|LANDSTAR SYSTEMS INC
LTD|L BRANDS INC
LUK|LEUCADIA NATIONAL CORP
LUV|SOUTHWEST AIRLINES CO
LVLT|LEVEL 3 COMMUNICATIONS
LVNTA|LIBERTY VENTURES
LVS|LAS VEGAS SANDS CORP
LXK|LEXMARK INTERNATIONAL
LYB|LYONDELLBASELL INDS
M|MACYS INC
MA|MASTERCARD INC
MAA|MID-AMER APT CMNTYS
MAC|MACERICH CO
MAN|MANPOWERGROUP
MAR|MARRIOTT INTL INC
MAS|MASCO CORP
MAT|MATTEL INC
MBI|MBIA INC
MCD|MCDONALDS CORP
MCHP|MICROCHIP TECHNOLOGY
MCK|MCKESSON CORP
MCO|MOODYS CORP
MCRS|MICROS SYSTEMS INC
MCY|MERCURY GENERAL CORP
MD|MEDNAX INC
MDLZ|MONDELEZ INTERNATIONAL
MDR|MCDERMOTT INTL INC
MDRX|ALLSCRIPTS HEALTHCARE
MDT|MEDTRONIC INC
MDU|MDU RESOURCES GROUP INC
MDVN|MEDIVATION INC
MET|METLIFE INC
MFA|MFA FINANCIAL INC
MGM|MGM RESORTS INTL
MHFI|MCGRAW HILL FINL INC
MHK|MOHAWK INDUSTRIES INC
MJN|MEAD JOHNSON NUTRITION
MKC|MCCORMICK & CO INC
MKL|MARKEL CORP
MLM|MARTIN MARIETTA MTLS
MMC|MARSH & MCLENNAN COS
MMM|3M CO
MNST|MONSTER BEVERAGE CORP
MO|ALTRIA GROUP INC
MOLX|MOLEX INC
MON|MONSANTO CO
MORN|MORNINGSTAR INC
MOS|MOSAIC COMPANY
MPC|MARATHON PETROLEUM CORP
MRC|MRC GLOBAL INC
MRK|MERCK & CO INC
MRO|MARATHON OIL CORP
MRVL|MARVELL TECHNOLOGY GROU
MS|MORGAN STANLEY
MSCI|MSCI INC
MSFT|MICROSOFT CORP
MSG|MADISON SQUARE GARDEN
MSI|MOTOROLA SOLUTIONS INC
MSM|MSC INDL DIRECT INC
MTB|M & T BANK CORP
MTD|METTLER TOLEDO INTL INC
MTW|MANITOWOC CO INC
MU|MICRON TECHNOLOGY INC
MUR|MURPHY OIL CORP
MWV|MEADWESTVACO CORP
MXIM|MAXIM INTEGRATED PRODS
MYGN|MYRIAD GENETICS INC
MYL|MYLAN INC
N|NETSUITE INC
NATI|NATIONAL INSTRS CORP
NAV|NAVISTAR INTL CORP NEW
NBL|NOBLE ENERGY INC
NBR|NABORS INDUSTRIES LTD
NCLH|NORWEGIAN CRUISE LINE
NCR|NCR CORP
NDAQ|NASDAQ OMX GROUP INC
NDSN|NORDSON CORP
NEE|NEXTERA ENERGY INC
NEM|NEWMONT MINING CORP
NEU|NEWMARKET CORPORATION
NFG|NATIONAL FUEL GAS CO
NFLX|NETFLIX INC
NFX|NEWFIELD EXPLORATION CO
NI|NISOURCE INC
NKE|NIKE INC
NLSN|NIELSEN HOLDINGS NV
NLY|ANNALY CAPITAL MGMT INC
NNN|NATIONAL RETAIL PPTYS
NOC|NORTHROP GRUMMAN CORP
NOV|NATIONAL OILWELL VARCO
NOW|SERVICENOW INC
NRG|NRG ENERGY INC
NSC|NORFOLK SOUTHERN CORP
NSM|NATIONSTAR MTG HLDGS IN
NSR|NEUSTAR INC
NTAP|NETAPP INC
NTRS|NORTHERN TRUST CORP
NU|NORTHEAST UTILITIES
NUAN|NUANCE COMMUNICATIONS
NUE|NUCOR CORP
NUS|NU SKIN ENTERPRISES
NVDA|NVIDIA CORP
NVE|NV ENERGY INC
NVR|NVR INC
NWL|NEWELL RUBBERMAID INC
NWSA|NEWS CORP
NYCB|NEW YORK CMNTY BANCORP
NYX|NYSE EURONEXT
O|REALTY INCOME CORP
OAS|OASIS PETE INC
OC|OWENS CORNING NEW
OCN|OCWEN FINANCIAL CORP
OCR|OMNICARE INC
ODFL|OLD DOMINION FREIGHT
OFC|CORPORATE OFFICE PPTYS
OGE|OGE ENERGY CORP
OHI|OMEGA HEALTHCARE INVS
OI|OWENS ILLINOIS INC
OII|OCEANEERING INTL INC
OIS|OIL STATES INTERNATIONA
OKE|ONEOK INC
OMC|OMNICOM GROUP INC
ONNN|ON SEMICONDUCTOR CORP
ONXX|ONYX PHARMACEUTICALS IN
ORCL|ORACLE CORP
ORI|OLD REPUBLIC INTL CORP
ORLY|O REILLY AUTOMOTIVE INC
OSK|OSHKOSH CORP
OXY|OCCIDENTAL PETE CORP
P|PANDORA MEDIA INC
PANW|PALO ALTO NETWORKS INC
PAY|VERIFONE SYSTEMS INC
PAYX|PAYCHEX INC
PBCT|PEOPLES UNITED FINANCIA
PBF|PBF ENERGY INC
PBI|PITNEY BOWES INC
PCAR|PACCAR INC
PCG|PG&E CORP
PCL|PLUM CREEK TIMBER CO IN
PCLN|PRICELINE COM INC
PCP|PRECISION CASTPARTS
PCYC|PHARMACYCLICS INC
PDCO|PATTERSON COS INC
PDM|PIEDMONT OFFICE RLTY TR
PEG|PUBLIC SVC ENTERPRISE
PENN|PENN NATIONAL GAMING IN
PEP|PEPSICO INC
PETM|PETSMART INC
PF|PINNACLE FOODS INC DEL
PFE|PFIZER INC
PFG|PRINCIPAL FINANCIAL GRP
PG|PROCTER & GAMBLE CO
PGR|PROGRESSIVE CORP
PH|PARKER HANNIFIN CORP
PHM|PULTEGROUP INC
PII|POLARIS INDUSTRIES INC
PKG|PACKAGING CORP OF AMER
PKI|PERKINELMER INC
PL|PROTECTIVE LIFE CORP
PLCM|POLYCOM INC
PLD|PROLOGIS INC
PLL|PALL CORP
PM|PHILIP MORRIS INTL
PNC|PNC FINANCIAL SVCS GROU
PNR|PENTAIR LTD
PNRA|PANERA BREAD CO
PNW|PINNACLE WEST CAPITAL C
POM|PEPCO HOLDINGS INC
PPG|PPG INDUSTRIES INC
PPL|PPL CORP
PPS|POST PROPERTIES INC
PRA|PROASSURANCE CORP
PRE|PARTNERRE LTD
PRGO|PERRIGO CO
PRU|PRUDENTIAL FINANCIAL IN
PSA|PUBLIC STORAGE INC
PSX|PHILLIPS 66
PTEN|PATTERSON UTI ENERGY
PVH|PVH CORP
PWR|QUANTA SERVICES INC
PX|PRAXAIR INC
PXD|PIONEER NAT RESOURCES C
Q|QUINTILES TRANSNATIONAL
QCOM|QUALCOMM INC
QEP|QEP RESOURCES INC
QGEN|QIAGEN NV
R|RYDER SYSTEM INC
RAI|REYNOLDS AMERICAN INC
RAX|RACKSPACE HOSTING INC
RBC|REGAL BELOIT CORP
RCL|ROYAL CARIBBEAN CRUISES
RDC|ROWAN COMPANIES PLC
RE|EVEREST RE GROUP LTD
REG|REGENCY CENTERS CORP
REGN|REGENERON PHARMACEUTICA
RES|RPC INC
RF|REGIONS FINANCIAL CORP
RGA|REINSURANCE GRP OF AMER
RGC|REGAL ENTMT GROUP
RGLD|ROYAL GOLD INC
RHI|ROBERT HALF INTL INC
RHT|RED HAT INC
RJF|RAYMOND JAMES FINANCIAL
RKT|ROCK-TENN CO
RL|RALPH LAUREN CORP
RLGY|REALOGY HOLDINGS CORP
RMD|RESMED INC
RNR|RENAISSANCERE HOLDINGS
ROC|ROCKWOOD HOLDINGS INC
ROK|ROCKWELL AUTOMATION INC
ROL|ROLLINS INC
ROP|ROPER INDUSTRIES INC
ROST|ROSS STORES INC
ROVI|ROVI CORPORATION
RPAI|RETAIL PPTYS AMER INC
RPM|RPM INTERNATIONAL INC
RRC|RANGE RESOURCES CORP
RRD|DONNELLEY R R & SONS CO
RS|RELIANCE STEEL & ALUM
RSG|REPUBLIC SERVICES INC
RTN|RAYTHEON CO
RVBD|RIVERBED TECHNOLOGY INC
RYN|RAYONIER INC
S|SPRINT NEXTEL CORP
SAI|SAIC INC
SATS|ECHOSTAR CORP
SBAC|SBA COMMUNICATIONS CORP
SBH|SALLY BEAUTY HOLDINGS
SBNY|SIGNATURE BANK
SBUX|STARBUCKS CORP
SCCO|SOUTHERN COPPER CORP
SCG|SCANA CORP
SCHW|SCHWAB CHARLES CORP
SCI|SERVICE CORP INTL
SCTY|SOLARCITY CORP
SD|SANDRIDGE ENERGY INC
SDRL|SEADRILL LIMITED
SE|SPECTRA ENERGY CORP
SEAS|SEAWORLD ENTMT INC
SEE|SEALED AIR CORP
SEIC|SEI INVESTMENTS CO
SFD|SMITHFIELD FOODS INC
SFG|STANCORP FINANCIAL GROU
SGEN|SEATTLE GENETICS INC
SHLD|SEARS HOLDINGS CORP
SHW|SHERWIN WILLIAMS CO
SIAL|SIGMA ALDRICH CORP
SIG|SIGNET JEWELERS LTD
SIRI|SIRIUS XM RADIO INC
SIRO|SIRONA DENTAL SYS INC
SIVB|SVB FINANCIAL GROUP
SIX|SIX FLAGS ENTMT CORP NE
SJM|SMUCKER J M CO
SKT|TANGER FACTORY OUTLET
SLAB|SILICON LABORATORIES IN
SLB|SCHLUMBERGER LTD
SLG|SL GREEN REALTY CORP
SLGN|SILGAN HOLDINGS INC
SLH|SOLERA HOLDINGS INC
SLM|SLM CORP
SLXP|SALIX PHARMACEUTICALS
SM|SM ENERGY CO
SMG|SCOTTS MIRACLE-GRO CO
SNA|SNAP ON INC
SNDK|SANDISK CORP
SNH|SENIOR HOUSING PPTYS TR
SNI|SCRIPPS NTWK INTERACTIV
SNPS|SYNOPSYS INC
SNV|SYNOVUS FINANCIAL CORP
SO|SOUTHERN CO
SON|SONOCO PRODUCTS CO
SPG|SIMON PROPERTY GROUP IN
SPLK|SPLUNK INC
SPLS|STAPLES INC
SPN|SUPERIOR ENERGY SERVICE
SPR|SPIRIT AEROSYSTEMS
SPW|SPX CORP
SRCL|STERICYCLE INC
SRE|SEMPRA ENERGY
SSYS|STRATASYS LTD
STI|SUNTRUST BANKS INC
STJ|ST JUDE MEDICAL INC
STLD|STEEL DYNAMICS INC
STR|QUESTAR CORP
STRZA|STARZ
STT|STATE STREET CORP
STWD|STARWOOD PPTY TRUST INC
STZ|CONSTELLATION BRANDS
SWI|SOLARWINDS INC
SWK|STANLEY BLACK & DECKER
SWKS|SKYWORKS SOLUTIONS INC
SWN|SOUTHWESTERN ENERGY CO
SWY|SAFEWAY INC
SYK|STRYKER CORP
SYMC|SYMANTEC CORP
SYY|SYSCO CORP
T|AT&T INC
TAHO|TAHOE RES INC
TAP|MOLSON COORS BREWING CO
TCB|TCF FINANCIAL CORP
TCO|TAUBMAN CENTERS INC
TDC|TERADATA CORP
TDG|TRANSDIGM GROUP INC
TDS|TELEPHONE & DATA SYSTEM
TDW|TIDEWATER INC
TE|TECO ENERGY INC
TECD|TECH DATA CORP
TECH|TECHNE CORP
TEG|INTEGRYS ENERGY GROUP
TER|TERADYNE INC
TEX|TEREX CORP
TFM|FRESH MARKET INC
TFSL|TFS FINL CORP
TFX|TELEFLEX INC
TGI|TRIUMPH GROUP INC
TGT|TARGET CORP
THC|TENET HEALTHCARE CORP
THG|HANOVER INSURANCE GROUP
THO|THOR INDUSTRIES INC
THRX|THERAVANCE INC
TIBX|TIBCO SOFTWARE INC
TIF|TIFFANY & CO
TJX|TJX COMPANIES INC
TK|TEEKAY CORP
TKR|TIMKEN CO
TMHC|TAYLOR MORRISON HOME
TMK|TORCHMARK CORP
TMO|THERMO FISHER SCIENTIFI
TMUS|T-MOBILE US INC
TOL|TOLL BROTHERS INC
TPX|TEMPUR SEALY INTL INC
TRI|THOMSON REUTERS CORP
TRIP|TRIPADVISOR INC
TRMB|TRIMBLE NAVIGATION LTD
TRN|TRINITY INDUSTRIES INC
TROW|PRICE T ROWE GROUP INC
TRV|TRAVELERS COS INC
TRW|TRW AUTOMOTIVE HLDGS
TSCO|TRACTOR SUPPLY CO
TSLA|TESLA MTRS INC
TSN|TYSON FOODS INC
TSO|TESORO CORP
TSS|TOTAL SYSTEM SERVICES
TTC|TORO CO
TUP|TUPPERWARE BRANDS CORP
TW|TOWERS WATSON & COMPANY
TWC|TIME WARNER CABLE INC
TWO|TWO HBRS INVT CORP
TWTC|TW TELECOM INC
TWX|TIME WARNER INC
TXN|TEXAS INSTRUMENTS INC
TXT|TEXTRON INC
UA|UNDER ARMOUR INC
UAL|UNITED CONTINENTAL HLDG
UDR|UDR INC
UFS|DOMTAR CORPORATION
UGI|UGI CORP
UHAL|AMERCO
UHS|UNIVERSAL HEALTH SVCS
ULTA|ULTA SALON COSMETICS
UNH|UNITEDHEALTH GROUP INC
UNM|UNUM GROUP
UNP|UNION PACIFIC CORP
UNT|UNIT CORP
UPL|ULTRA PETROLEUM CORP
UPS|UNITED PARCEL SERVICE
URBN|URBAN OUTFITTERS INC
URI|UNITED RENTALS INC
URS|URS CORP
USB|US BANCORP
USM|UNITED STATES CELLULAR
UTHR|UNITED THERAPEUTICS
UTX|UNITED TECHNOLOGIES
V|VISA INC
VAL|VALSPAR CORP
VAR|VARIAN MEDICAL SYSTEMS
VC|VISTEON CORP
VFC|V F CORP
VIAB|VIACOM INC
VLO|VALERO ENERGY CORP
VLY|VALLEY NATIONAL BANCORP
VMC|VULCAN MATERIALS CO
VMI|VALMONT INDUSTRIES INC
VMW|VMWARE INC
VNO|VORNADO REALTY TRUST
VNTV|VANTIV INC
VOYA|ING U S INC
VR|VALIDUS HOLDINGS LTD
VRSK|VERISK ANALYTICS INC
VRSN|VERISIGN INC
VRTX|VERTEX PHARMACEUTICALS
VSH|VISHAY INTERTECHNOLOGY
VTR|VENTAS INC
VVC|VECTREN CORP
VZ|VERIZON COMMUNICATIONS
WAB|WABTEC CORP
WAFD|WASHINGTON FED INC
WAG|WALGREEN CO
WAT|WATERS CORP
WBC|WABCO HOLDINGS INC
WCC|WESCO INTERNATIONAL INC
WCN|WASTE CONNECTIONS INC
WCRX|WARNER CHILCOTT PLC
WDAY|WORKDAY INC
WDC|WESTERN DIGITAL CORP
WDR|WADDELL & REED FINANCIA
WEC|WISCONSIN ENERGY CORP
WEN|THE WENDY'S COMPANY
WFC|WELLS FARGO & CO
WFM|WHOLE FOODS MARKET INC
WHR|WHIRLPOOL CORP
WIN|WINDSTREAM CORP
WLK|WESTLAKE CHEMICAL CORP
WLL|WHITING PETROLEUM CORP
WLP|WELLPOINT INC
WM|WASTE MGMT INC
WMB|WILLIAMS COMPANIES INC
WMT|WAL MART STORES INC
WOOF|VCA ANTECH INC
WPC|W P CAREY INC
WPO|WASHINGTON POST CO
WPX|WPX ENERGY INC
WR|WESTAR ENERGY INC
WRB|BERKLEY W R CORP
WRI|WEINGARTEN RLTY INVS
WSM|WILLIAMS SONOMA INC
WTM|WHITE MTNS INS GROUP LT
WTR|AQUA AMERICA INC
WTW|WEIGHT WATCHERS INTL IN
WU|WESTERN UNION CO
WWAV|WHITEWAVE FOODS COMPANY
WY|WEYERHAEUSER CO
WYN|WYNDHAM WORLDWIDE CORP
WYNN|WYNN RESORTS LTD
X|UNITED STATES STEEL COR
XEC|CIMAREX ENERGY CO
XEL|XCEL ENERGY INC
XL|XL GROUP PLC
XLNX|XILINX INC
XLS|EXELIS INC
XOM|EXXON MOBIL CORP
XRAY|DENTSPLY INTERNATIONAL
XRX|XEROX CORP
XYL|XYLEM INC
Y|ALLEGHANY CORP
YHOO|YAHOO INC
YUM|YUM! BRANDS INC
ZBRA|ZEBRA TECHNOLOGIES CORP
ZION|ZIONS BANCORPORATION
ZMH|ZIMMER HOLDINGS INC
ZNGA|ZYNGA INC
ZTS|ZOETIS INC
